Symbol,Fund Name,Asset Class,Mgmt Fee (%),AUM ($),Prev. Close ($),Avg Daily Vol (30D),Inception Date
AAPU,SavvyLong (2X) AAPL ETF,-,-,2885000,,8954,-
ABHI,Ninepoint Barrick HighShares ETF,Single Stock ETF,-,14782900,,11991,-
ABXU,SavvyLong (2X) Barrick ETF,Single Stock ETF,-,5310000,,5514,-
ACAA,Arrow Long/Short Alternative Fund,Alternative,-,20420400,,530,-
ADIV,Arrow EC Equity Advantage Alternative Fund,Equity,-,3545100,,62,-
AEME,Harvest Agnico Eagle Enhanced High Income Shares ETF,Single Stock ETF,-,13845000,,32517,-
AGCC,Global X Silver Covered Call ETF,Commodity,-,19953134.19,,59590,-
AGG,Evolve Canadian Aggregate Bond Enhanced Yield Fund,Fixed Income,-,47394250,,26558,-
AGGU,iShares US Aggregate Bond Index ETF,-,-,-,,-,-
AGSL,AGF Global Select Fund,Equity,-,1190500,,11405,-
AIGO,Global X Artificial Intelligence & Technology Index ETF,Equity,-,18156250,,14396,-
ALPU,SavvyLong (2X) GOOGL ETF,Single Stock ETF,-,5400000,,24724,-
ALZ,Allianz CDR (CAD Hedged),-,-,2884000,,5796,-
AMAX,Hamilton Gold Producer YIELD MAXIMIZER TM ETF,Equity,-,562173965.79,,213506,-
AMDY,Harvest AMD Enhanced High Income Shares ETF,Single Stock ETF,-,84405000,,39150,-
AMGR,AGF American Growth Fund,Equity,-,1253500,,763,-
AMHE,Harvest Amazon Enhanced High Income Shares ETF,Single Stock ETF,-,107171875,,59415,-
AMHE.U,Harvest Amazon Enhanced High Income Shares ETF,Single Stock ETF,-,2372000,,5785,-
AMZH,Harvest Amazon High Income Shares ETF,Single Stock ETF,-,24948000,,34120,-
AMZH.U,Harvest Amazon High Income Shares ETF,Single Stock ETF,-,3874000,,4263,-
AMZU,SavvyLong (2X) AMZN ETF,Single Stock ETF,-,7998500,,45877,-
APLE,Harvest Apple Enhanced High Income Shares ETF,Single Stock ETF,-,90999250,,32810,-
ARB,Accelerate Arbitrage Fund,Alternative,-,44816000,,12493,-
ARTI,Evolve Artificial Intelligence Fund,Equity,-,20640000,,9477,-
ASML,ASML CDR (CAD Hedged),-,-,88886000,,54775,-
ATSX,Accelerate Canadian Long Short Equity Fund,Alternative,-,6135000,,1672,-
AUGB.F,First Trust Vest U.S. Equity Buffer ETF - August,Equity,-,23143500,,477,-
AVGY,Harvest Broadcom Enhanced High Income Shares ETF,Single Stock ETF,-,106480000.00000001,,41152,-
BAAA,Brompton Wellington Square AAA CLO ETF,Fixed Income,-,105878849.99999999,,38571,-
BAAA.U,Brompton Wellington Square AAA CLO ETF,Fixed Income,-,17310400,,6506,-
BANK,Evolve Canadian Banks and Lifecos Enhanced Yield Index Fund,Equity,-,880782000,,1223277,-
BASE,Evolve Global Materials & Mining Enhanced Yield Index ETF,Equity,-,72152500,,31127,-
BASE.B,Evolve Global Materials & Mining Enhanced Yield Index ETF,Equity,-,17875000,,2027,-
BBBB,Brompton Wellington Square Investment Grade CLO ETF,Fixed Income,-,31130674.11,,8747,-
BBBB.U,Brompton Wellington Square Investment Grade CLO ETF,Fixed Income,-,3088278.9000000004,,1188,-
BCEE,Harvest BCE Enhanced High Income Shares ETF,Single Stock ETF,-,9775000,,11019,-
BCHI,Ninepoint BCE HighShares ETF,Single Stock ETF,-,12864000,,6149,-
BDIV,Brompton Global Dividend Growth ETF,Equity,-,122678867.49,,2555,-
BENZ,Mercedes-Benz CDR (CAD Hedged),-,-,1244000,,483,-
BEPR,Brompton Flaherty & Crumrine Enhanced Investment Grade Preferred ETF,Preferred Share,-,68323213.2,,16785,-
BEPR.U,Brompton Flaherty & Crumrine Enhanced Investment Grade Preferred ETF,Preferred Share,-,4137000,,1367,-
BESG,Invesco ESG Canadian Core Plus Bond ETF,Fixed Income,-,110991500,,10496,-
BFIN,Brompton North American Financials Dividend ETF,Equity,-,79468750,,1427,-
BFIN.U,Brompton North American Financials Dividend ETF,Equity,-,873000,,161,-
BGC,Bristol Gate Concentrated Canadian Equity ETF,Equity,-,13440000,,373,-
BGIE,Brompton Global Infrastructure ETF,Equity,-,65542399.99999999,,14162,-
BGU,Bristol Gate Concentrated US Equity ETF,Equity,-,94945500,,8363,-
BGU.U,Bristol Gate Concentrated US Equity ETF,Equity,-,23458500.000000004,,921,-
BIGY,Evolve US Equity UltraYield ETF,Equity,-,210182400,,193783,-
BITI,BetaPro Inverse Bitcoin ETF,Leverage/Inverse,-,31880853.700000003,,278104,-
BITI.U,BetaPro Inverse Bitcoin ETF,Leverage/Inverse,-,22012340.48,,32283,-
BIVC,Capstone Biblically Informed Canadian Equity Fund,Equity,-,1126500,,261,-
BIVU,Capstone Biblically Informed U.S. Equity Fund,Equity,-,1000000,,34,-
BKCC,Global X Equal Weight Canadian Bank Covered Call ETF,Equity,-,323217442.74,,66287,-
BKCL,Global X Enhanced Equal Weight Canadian Banks Covered Call ETF,Equity,-,168744384,,113725,-
BLCK,First Trust Indxx Innovative Transaction and Process ETF,Equity,-,1905750,,60,-
BLKY,Harvest Block Enhanced High Income Shares ETF,Single Stock ETF,-,1579500,,14114,-
BLOV,Brompton North American Low Volatility Dividend ETF,Equity,-,20004750,,1394,-
BMAX,Brompton Enhanced Multi-Asset Income ETF,Equity,-,137089800,,64704,-
BMW,BMW CDR (CAD Hedged),-,-,1263500,,216,-
BNC,Purpose Canadian Financial Income Fund,Equity,-,4282500,,658,-
BND,Purpose Global Bond Fund,Fixed Income,-,1419968250,,253253,-
BND.U,Purpose Global Bond Fund,Fixed Income,-,6584500.000000001,,1153,-
BNKL,Global X Enhanced Equal Weight Banks Index ETF,Equity,-,10905534.25,,11559,-
BNKU,MegaLong (3X) Canadian Banks Daily Leveraged Alternative ETF,Leverage/Inverse,-,14196000,,3155,-
BOND,Evolve Enhanced Yield Bond Fund,Fixed Income,-,151701750,,83471,-
BOND.B,Evolve Enhanced Yield Bond Fund,Fixed Income,-,72206000,,38401,-
BOND.U,Evolve Enhanced Yield Bond Fund,Fixed Income,-,22848000.000000004,,7258,-
BPRF,Brompton Flaherty & Crumrine Investment Grade Preferred ETF,Preferred Share,-,169043600,,8484,-
BPRF.U,Brompton Flaherty & Crumrine Investment Grade Preferred ETF,Preferred Share,-,3492000,,120,-
BSKT,Manulife Smart Core Bond ETF,Fixed Income,-,738668000,,482223,-
BTCC,Purpose Bitcoin ETF,Cryptocurrency,-,606696500,,1305784,-
BTCC.B,Purpose Bitcoin ETF,Cryptocurrency,-,843048000,,1390081,-
BTCC.J,Purpose Bitcoin ETF,Cryptocurrency,-,1437500,,670,-
BTCC.U,Purpose Bitcoin ETF,Cryptocurrency,-,260928000,,47408,-
BTCO.B,Purpose Core Bitcoin ETF,Cryptocurrency,-,28863750,,12395,-
BTCO.U,Purpose Core Bitcoin ETF,Cryptocurrency,-,1492875,,779,-
BTCQ,3iQ Bitcoin ETF,Cryptocurrency,-,217088910.29999998,,35277,-
BTCQ.U,3iQ Bitcoin ETF,Cryptocurrency,-,159999785.1,,2952,-
BTCX,CI Galaxy Bitcoin ETF,Cryptocurrency,-,10170750,,54427,-
BTCX.B,CI Galaxy Bitcoin ETF,Cryptocurrency,-,751096220,,883773,-
BTCX.U,CI Galaxy Bitcoin ETF,Cryptocurrency,-,206706956.4,,40325,-
BTCY,Purpose Bitcoin Yield ETF,Cryptocurrency,-,78447875,,254970,-
BTCY.B,Purpose Bitcoin Yield ETF,Cryptocurrency,-,19830750,,23908,-
BTCY.U,Purpose Bitcoin Yield ETF,Cryptocurrency,-,3735500,,5937,-
BXF,CI 1-5 Year Laddered Government Strip Bond Index ETF,Fixed Income,-,38955461.580000006,,7292,-
CACB,CIBC Active Investment Grade Corporate Bond ETF,Fixed Income,-,2242822500,,184038,-
CACE,Avantis CIBC Canadian Equity ETF,Equity,-,2027020.27,,4367,-
CAGG,CI Canadian Aggregate Bond Index ETF,Fixed Income,-,744769702.5300001,,152386,-
CAGS,CI Canadian Short-Term Aggregate Bond Index ETF,Fixed Income,-,19160000,,1860,-
CALB,CIBC Canadian Government Long-Term Bond ETF,Fixed Income,-,1909000,,730,-
CALL,Evolve US Banks Enhanced Yield Fund,Equity,-,114047500,,51071,-
CALL.B,Evolve US Banks Enhanced Yield Fund,Equity,-,10465000,,3994,-
CALL.U,Evolve US Banks Enhanced Yield Fund,Equity,-,11102000,,6057,-
CALV,Avantis CIBC U.S. Large Cap Value ETF,Equity,-,1160419.34,,1757,-
CANL,Global X Enhanced S&P/TSX 60 Index ETF,Equity,-,7001085,,7892,-
CANY,Evolve Canadian Equity UltraYield ETF,Equity,-,70963000,,61114,-
CAPG,Capital Group Global Equity Select ETFTM (Canada),Equity,-,203976000,,73141,-
CAPI,Capital Group International Equity Select ETFTM (Canada),Equity,-,135153600,,47737,-
CAPM,Capital Group Multi-Sector Income Select ETFTM (Canada),Fixed Income,-,265665000,,194403,-
CAPW,Capital Group World Bond Select ETFTM (Canada),Fixed Income,-,67730400,,4601,-
CARS,Evolve Automobile Innovation Index Fund,Equity,-,14674000,,2226,-
CARS.B,Evolve Automobile Innovation Index Fund,Equity,-,1594500,,1272,-
CARS.U,Evolve Automobile Innovation Index Fund,Equity,-,663000,,1424,-
CASH,Global X High Interest Savings ETF,Cash/Currency,-,6814554070.285,,1745208,-
CAUS,Avantis CIBC U.S. All-Cap Equity ETF,Equity,-,2428769.43,,4347,-
CAUV,Avantis CIBC U.S. Small Cap Value ETF,Equity,-,1134018.9,,3765,-
CBAL,CI Balanced Asset Allocation ETF,Asset Allocation,-,112273000,,26892,-
CBAP,CI Balanced+ Asset Allocation ETF Fund,Asset Allocation,-,987500,,1632,-
CBCX,CI Galaxy Blockchain Index ETF,Equity,-,5344500,,956,-
CBGR,CI Balanced Growth Asset Allocation ETF,Asset Allocation,-,34162500,,8969,-
CBH,iShares 1-10 Year Laddered Corporate Bond Index ETF,Fixed Income,-,543604500,,365249,-
CBIL,Global X 0-3 Month T-Bill ETF,Cash/Currency,-,1960923886.77,,848309,-
CBIL.U,Global X 0-3 Month T-Bill ETF,Fixed Income,-,1443528686.3999999,,4468,-
CBIN,CI Balanced Income Asset Allocation ETF,Asset Allocation,-,27853000,,3244,-
CBL,Franklin Core ETF Portfolio,Asset Allocation,-,2427000,,334,-
CBLN,CIBC Balanced ETF Portfolio,Asset Allocation,-,1213200,,459,-
CBND,Manulife Smart Corporate Bond ETF,Fixed Income,-,229827000,,233107,-
CBNK,Mulvihill Canadian Bank Enhanced Yield ETF,Equity,-,138697000,,23822,-
CBO,iShares 1-5 Year Laddered Corporate Bond Index ETF,Fixed Income,-,806600000,,151112,-
CBUG,CI Digital Security Index ETF,Equity,-,4450500,,4255,-
CCAD,CIBC Premium Cash Management ETF,Fixed Income,-,272718000,,60473,-
CCBD,CI U.S. Aggregate Bond Covered Call ETF,Fixed Income,-,1810000.0000000002,,1042,-
CCBI,CIBC Canadian Bond Index ETF,Fixed Income,-,128199000,,20095,-
CCCB,CIBC Canadian Banks Covered Call ETF,Equity,-,7455500,,20631,-
CCCX,CI Galaxy Core Multi-Crypto ETF,Cryptocurrency,-,509999.99999999994,,1432,-
CCCX.B,CI Galaxy Core Multi-Crypto ETF,Cryptocurrency,-,9141250,,57138,-
CCCX.U,CI Galaxy Core Multi-Crypto ETF,Cryptocurrency,-,741000,,0,-
CCDC,CIBC Canadian High Dividend Covered Call ETF,Equity,-,12314500,,5331,-
CCEI,CIBC MSCI Canada Equity Index ETF,Equity,-,628657060,,19101,-
CCHI,Ninepoint Cameco HighShares ETF,Single Stock ETF,-,25938000,,22825,-
CCNS,CIBC Conservative Fixed Income Pool,Fixed Income,-,6363000,,2342,-
CCNV,CI Conservative Asset Allocation ETF,Asset Allocation,-,10066500,,3350,-
CCOE,Harvest Cameco Enhanced High Income Shares ETF,Single Stock ETF,-,16420000.000000002,,38236,-
CCOM,CI Auspice Broad Commodity Fund,Commodity,-,269774720,,96026,-
CCOM.B,CI Auspice Broad Commodity ETF - Unhedged Common Units Acc,Commodity,-,-,,-,-
CCON,CIBC Conservative ETF Portfolio,Asset Allocation,-,1209000,,616,-
CCOU,SavvyLong (2X) Cameco ETF,Single Stock ETF,-,3465000,,12412,-
CCRE,CIBC Core Fixed Income Pool,Fixed Income,-,98643960,,17394,-
CDEF,Manulife Smart Defensive Equity ETF,Equity,-,3512500,,400,-
CDIV,Manulife Smart Dividend ETF,Equity,-,1163151000,,403733,-
CDLB,CI DoubleLine Total Return Bond US$ Fund,Fixed Income,-,922264.28,,510,-
CDLB.B,CI DoubleLine Total Return Bond US$ Fund,Fixed Income,-,1748242.59,,268,-
CDLB.U,CI DoubleLine Total Return Bond US$ Fund,Fixed Income,-,744780.0599999999,,53,-
CDZ,iShares S&P/TSX Canadian Dividend Aristocrats Index ETF,Equity,-,1142735000,,71064,-
CEMI,CIBC MSCI Emerging Markets Equity Index ETF,Equity,-,177730650,,21674,-
CEQP,CI Equity+ Asset Allocation ETF Fund,Asset Allocation,-,1960000.0000000002,,829,-
CEQT,CI Equity Asset Allocation ETF,Asset Allocation,-,37620000,,10746,-
CEQY,CIBC All-Equity ETF Portfolio,Asset Allocation,-,2378200,,1537,-
CEW,iShares Equal Weight Banc & Lifeco ETF,Equity,-,324562000,,41429,-
CFLX,CIBC Flexible Yield ETF (CAD-Hedged),Fixed Income,-,43356599.99999999,,13875,-
CFOD,BetaPro S&P/TSX Capped Financials -2x Daily Bear ETF,Leverage/Inverse,-,9103136.25,,22923,-
CFOU,BetaPro S&P/TSX Capped Financials 2x Daily Bull ETF,Leverage/Inverse,-,58891201.5,,15070,-
CFRN,CIBC Active Investment Grade Floating Rate Bond ETF,-,-,579531750,,53503,-
CFRT,CI Floating Rate Income Fund,Fixed Income,-,4128000,,530,-
CGAA,CI Global Asset Allocation Private Pool,Asset Allocation,-,20172733.76,,1422,-
CGBI,CIBC Global Bond ex-Canada Index ETF (CAD-Hedged),Fixed Income,-,695901900,,84479,-
CGDI,CI Global Dividend Private Pool,Equity,-,1011000,,30,-
CGDV,CI Global Minimum Downside Volatility Index Fund,Equity,-,30547198.049999997,,6021,-
CGDV.B,CI Global Minimum Downside Volatility Index Fund,Equity,-,220811382.11999997,,193754,-
CGHY,CI High Yield Bond Private Pool,Fixed Income,-,12703322.16,,8351,-
CGHY.U,CI High Yield Bond Private Pool,Fixed Income,-,1774753.2000000002,,1510,-
CGIN,CI Global Investment Grade ETF,Fixed Income,-,354474000,,128377,-
CGIN.U,CI Global Investment Grade ETF,Fixed Income,-,4434300,,2268,-
CGL,iShares Gold Bullion ETF,Commodity,-,2867375000,,1152520,-
CGL.C,iShares Gold Bullion ETF,Commodity,-,907370000,,171366,-
CGLO,CIBC Global Growth ETF,Equity,-,93174500,,17351,-
CGMD,MegaShort (-3X) Canadian Gold Miners Daily Leveraged Alternative ETF,Leverage/Inverse,-,4725000,,25094,-
CGMU,MegaLong (3X) Canadian Gold Miners Daily Leveraged Alternative ETF,Leverage/Inverse,-,28294000,,126266,-
CGQD.B,CI Global Quality Dividend Growth Index ETF,Equity,-,40443000,,4615,-
CGR,iShares Global Real Estate Index ETF,Equity,-,267924000,,27441,-
CGRA,CI Global Real Asset Private Pool,Equity,-,1882500,,840,-
CGRB,CI Global Green Bond Fund,Fixed Income,-,14519250.000000002,,842,-
CGRB.U,CI Global Green Bond Fund,Fixed Income,-,1122500,,119,-
CGRE,CI Global REIT Private Pool,Equity,-,40481250,,3736,-
CGRN,CI Global Sustainable Infrastructure Fund,Equity,-,2024249.9999999998,,154,-
CGRN.U,CI Global Sustainable Infrastructure Fund,Equity,-,1413000,,62,-
CGRO,CI Growth Asset Allocation ETF,Asset Allocation,-,70560000,,13023,-
CGRW,CIBC Balanced Growth ETF Portfolio,Asset Allocation,-,1221000,,917,-
CGXF,CI Gold+ Giants Covered Call ETF,Equity,-,216455790.38,,95370,-
CGXF.U,CI Gold+ Giants Covered Call ETF,Equity,-,8032500.000000001,,5826,-
CHCL.B,CI Global Healthcare Leaders Index ETF,Equity,-,-,,16843,-
CHNA.B,CI ICBCUBS S&P China 500 Index ETF,Equity,-,98560000,,7026,-
CHPS,Global X Artificial Intelligence Semiconductor Index ETF,Equity,-,182691180,,78740,-
CHPS.U,Global X Artificial Intelligence Semiconductor Index ETF,Equity,-,138801600,,932,-
CHQQ,Global X China Hang Seng TECH Index ETF,Equity,-,11291750,,13905,-
CIAI,CI Global Artificial Intelligence Fund,Equity,-,987969500,,322957,-
CIBR,First Trust Nasdaq Cybersecurity ETF,Equity,-,105438200,,22384,-
CIC,CI Canadian Banks Covered Call Income Class ETF,Equity,-,391262730.09999996,,52246,-
CIEH,CIBC MSCI EAFE Equity Index ETF (CAD Hedged),Equity,-,5986750,,10247,-
CIEI,CIBC MSCI EAFE Equity Index ETF,Equity,-,440713500,,52952,-
CIEM,CI Emerging Markets Alpha ETF,Equity,-,155823750,,46459,-
CIEM.U,CI Emerging Markets Alpha ETF,Equity,-,2000250.0000000002,,4750,-
CIF,iShares Global Infrastructure Index ETF,Equity,-,1171650000,,137957,-
CINF,CI Global Infrastructure Private Pool,Equity,-,433790857.09000003,,22232,-
CINT,CIBC International Equity ETF,Equity,-,56788699.99999999,,20206,-
CINV,CI Global Alpha Innovation ETF,Equity,-,9294000,,1205,-
CINV.U,CI Global Alpha Innovation ETF,Equity,-,815250,,40,-
CLDN,SavvyShort Geared Crude Oil ETF,Leverage/Inverse,-,-,,-,-
CLF,iShares 1-5 Year Laddered Government Bond Index ETF,Fixed Income,-,665469000,,165261,-
CLG,iShares 1-10 Year Laddered Government Bond Index ETF,Fixed Income,-,868137500,,262957,-
CLML,CI Global Climate Leaders Fund,Equity,-,55945750,,4078,-
CLML.U,CI Global Climate Leaders Fund,Equity,-,3606750.0000000005,,364,-
CLSA,Brompton Split Corp. Enhanced Equity Income ETF,Equity,-,35198100,,52435,-
CLUP,SavvyLong Geared Crude Oil ETF,Leverage/Inverse,-,-,,-,-
CMAG,CI Munro Alternative Global Growth Fund,Alternative,-,142071000,,9308,-
CMAG.U,CI Munro Alternative Global Growth Fund,Alternative,-,9525000,,1820,-
CMAR,CI Marret Alternative Absolute Return Bond Fund,Alternative,-,17774250,,17967,-
CMAR.U,CI Marret Alternative Absolute Return Bond Fund,Alternative,-,1420500,,166,-
CMCX,CI Galaxy Multi-Crypto Navigator ETF,Cryptocurrency,-,697000,,147,-
CMCX.B,CI Galaxy Multi-Crypto Navigator ETF,Cryptocurrency,-,4633600,,1117,-
CMCX.U,CI Galaxy Multi-Crypto Navigator ETF,Cryptocurrency,-,821400,,227,-
CMDO,CI Alternative Diversified Opportunities Fund,Alternative,-,129451500,,13443,-
CMDO.U,CI Alternative Diversified Opportunities Fund,Alternative,-,38706600,,2595,-
CMEY,CI Marret Alternative Enhanced Yield Fund,Alternative,-,5174000,,1242,-
CMEY.U,CI Marret Alternative Enhanced Yield Fund,Alternative,-,1014500,,0,-
CMGG,CI Munro Global Growth Equity Fund,Equity,-,296765000,,56157,-
CMGG.U,CI Munro Global Growth Equity Fund,Equity,-,8038000,,2505,-
CMNY,CI Money Market ETF,Cash/Currency,-,74074000,,16204,-
CMOM,CI U.S. Enhanced Momentum Index ETF,Equity,-,15133552.56,,423,-
CMOM.B,CI U.S. Enhanced Momentum Index ETF,Equity,-,9515936.56,,574,-
CMR,iShares Premium Money Market ETF,Cash/Currency,-,2689918750,,930292,-
CMVP,HAMILTON CHAMPIONS TM Canadian Dividend Index ETF,Equity,-,363390620.11,,76891,-
CNAO,CI Alternative North American Opportunities Fund,Alternative,-,49648499.99999999,,2164,-
CNAO.U,CI Alternative North American Opportunities Fund,Alternative,-,4216250,,366,-
CNCC,Global X S&P/TSX  60 Covered Call ETF,Equity,-,156369800.64,,104463,-
CNCL,Global X Enhanced S&P/TSX 60 Covered Call ETF,Equity,-,17187324.06,,10470,-
CNDD,BetaPro S&P/TSX 60 -2x Daily Bear ETF,Leverage/Inverse,-,25410452.8,,361066,-
CNDI,BetaPro S&P/TSX 60 Daily Inverse ETF,Leverage/Inverse,-,15371737.5,,31316,-
CNDU,BetaPro S&P/TSX 60 2x Daily Bull ETF,Leverage/Inverse,-,77682230.84,,92163,-
CNDX,Global X S&P/TSX 60 Index ETF,Equity,-,489328431.75999993,,467246,-
CNQE,Harvest CNQ Enhanced High Income Shares ETF,Single Stock ETF,-,6645000,,9836,-
CNQU,SavvyLong (2X) Cdn Natural Resources ETF,Leverage/Inverse,-,3282000,,7951,-
CNV,Franklin Conservative Income ETF Portfolio,Asset Allocation,-,27212500,,1637,-
CNYE,Harvest Coinbase Enhanced High Income Shares ETF,Single Stock ETF,-,76153000,,280213,-
COID,SavvyShort (-2X) COIN ETF,Single Stock ETF,-,745037.25,,362,-
COIN,Coinbase CDR (CAD Hedged),-,-,36180000,,357032,-
COIU,LFG Daily (2X) COIN Long ETF,Single Stock ETF,-,1234500,,16814,-
COMM,BMO Global Communications Index ETF,Equity,-,34730000,,24632,-
COMU,SavvyLong 2X CIBC (CM) Equity-Linked ETF,Single Stock ETF,-,3458750,,627,-
CONY,Harvest Coinbase High Income Shares ETF,Single Stock ETF,-,11583000,,34779,-
COPP,Global X Copper Producers Index ETF,Equity,-,158117320,,122954,-
CORE,PIMCO Canadian Core Bond Fund,Fixed Income,-,155192000,,84458,-
COSY,Harvest Costco Enhanced High Income Shares ETF,Single Stock ETF,-,91296000,,24337,-
COW,iShares Global Agriculture Index ETF,Equity,-,256558500,,13020,-
CPCC,Global X Copper Producer Equity Covered Call ETF,Equity,-,59948014.199999996,,73777,-
CPD,iShares S&P/TSX Canadian Preferred Share Index ETF,Preferred Share,-,1065834000,,184717,-
CPLS,CIBC Core Plus Fixed Income Pool,Fixed Income,-,24736249.999999996,,49722,-
CQHI,Ninepoint Canadian Natural Resources HighShares ETF,Single Stock ETF,-,16445800,,4102,-
CRCY,Harvest Circle Enhanced High Income Shares ETF,Single Stock ETF,-,62565750,,171560,-
CRED,CI Alternative Investment Grade Credit Fund,Alternative,-,341953500,,84814,-
CRED.U,CI Alternative Investment Grade Credit Fund,Alternative,-,1043500,,0,-
CRHI,Ninepoint CNR HighShares ETF,Single Stock ETF,-,22062600,,12778,-
CROC,Purpose Credit Opportunities Class,Fixed Income,-,7481250,,11904,-
CROP,Purpose Credit Opportunities Fund,Alternative,-,279977850,,58733,-
CROP.U,Purpose Credit Opportunities Fund,Alternative,-,12460250.000000002,,4016,-
CRWY,Harvest CrowdStrike Enhanced High Income Shares ETF,Single Stock ETF,-,38437500,,50962,-
CSAV,CI High Interest Savings ETF,Fixed Income,-,4951952750,,497038,-
CSBI,CIBC Canadian Short-Term Bond Index ETF,Fixed Income,-,374939999.99999994,,17882,-
CSMD,CI U.S. Small/Mid Cap Equity Private Pool,Equity,-,1000000,,0,-
CSUU,SavvyLong (2X) Constellation Software ETF,Single Stock ETF,-,2533500,,22575,-
CTMA,CI Target 2028 Investment Grade Bond Fund,Fixed Income,-,1002000,,133,-
CTMB,CI Target 2029 Investment Grade Bond Fund,Fixed Income,-,1000000,,,-
CTMC,CI Target 2030 Investment Grade Bond Fund,Fixed Income,-,1000000,,755,-
CUBD,CI Global Unconstrained Bond Fund,Equity,-,114650400,,43394,-
CUD,iShares US Dividend Growers Index ETF (CAD-Hedged),Equity,-,251894000,,7626,-
CUDC,CIBC U.S. High Dividend Covered Call ETF,Equity,-,8096250,,5352,-
CUDC.F,CIBC U.S. High Dividend Covered Call ETF,Equity,-,2516250,,2297,-
CUDV,CI U.S. Minimum Downside Volatility Index ETF,Equity,-,6962500,,901,-
CUDV.B,CI U.S. Minimum Downside Volatility Index ETF,Equity,-,1449000,,6,-
CUEH,CIBC MSCI USA Equity Index ETF (CAD Hedged),Equity,-,6295000,,4014,-
CUEI,CIBC MSCI USA Equity Index ETF,Equity,-,1252200700,,172391,-
CUIG,CI U.S. Monthly Income Private Pool,Equity,-,976000,,3,-
CUIG.U,CI U.S. Monthly Income Private Pool,Equity,-,1985000.0000000002,,7,-
CUSD.U,CIBC USD Premium Cash Management ETF,Fixed Income,-,40080000,,5823,-
CUTL,CI Utilities Giants Covered Call ETF,Equity,-,33944500,,8193,-
CUTL.B,CI Utilities Giants Covered Call ETF,Equity,-,1236500,,483,-
CVD,iShares Convertible Bond Index ETF,Fixed Income,-,117157500,,19626,-
CVLU,CI U.S. Enhanced Value Index Fund,Equity,-,6992677.159999999,,1110,-
CVLU.B,CI U.S. Enhanced Value Index Fund,Equity,-,47377882.86,,43457,-
CWIN,HAMILTON CHAMPIONS TM Enhanced Canadian Dividend ETF,Equity,-,17001167.7,,9360,-
CWW,iShares Global Water Index ETF,Equity,-,299205000,,7674,-
CXF,CI Canadian Convertible Bond ETF,Fixed Income,-,59480190.9,,14739,-
CYBR,Evolve Cyber Security Index Fund,Equity,-,142455500,,12122,-
CYBR.B,Evolve Cyber Security Index Fund,Equity,-,14422500,,569,-
CYBR.U,Evolve Cyber Security Index Fund,Equity,-,4263750,,193,-
CYH,iShares Global Monthly Dividend Index ETF (CAD-Hedged),Equity,-,187187000,,9906,-
DAMG,Desjardins Absolute Return Global Equity Markets ETF,Alternative,-,43605000,,13,-
DAMG.U,Desjardins Absolute Return Global Equity Markets ETF,Alternative,-,2107000,,0,-
DANC,Desjardins Market Neutral ETF,Alternative,-,215603250.00000003,,6852,-
DANC.U,Desjardins Market Neutral ETF,Alternative,-,540000,,13,-
DATA,Evolve Cloud Computing Index Fund,Equity,-,11691000,,2174,-
DATA.B,Evolve Cloud Computing Index Fund,Equity,-,1436500,,505,-
DCBC,Desjardins Canadian Corporate Bond Index ETF,Fixed Income,-,847714000,,140630,-
DCC,Desjardins 1-5 year Laddered Canadian Corporate Bond Index ETF,Fixed Income,-,10095750,,647,-
DCG,Desjardins 1-5 year Laddered Canadian Government Bond Index ETF,Fixed Income,-,126535500,,45467,-
DCP,Desjardins Canadian Preferred Share Index ETF,Preferred Share,-,40663000,,1438,-
DCS,Desjardins Canadian Short Term Bond Index ETF,Fixed Income,-,45864000,,7919,-
DCU,Desjardins Canadian Universe Bond Index ETF,Fixed Income,-,1942080000.0000002,,562458,-
DGLM,Desjardins Global Macro ETF,Alternative,-,89650000,,172,-
DGR,CI U.S. Quality Dividend Growth Index ETF,Equity,-,210590428.8,,22967,-
DGR.B,CI U.S. Quality Dividend Growth Index ETF,Equity,-,444775970.42999995,,29161,-
DGR.U,CI U.S. Quality Dividend Growth Index ETF,Equity,-,8494500,,969,-
DGRC,CI Canada Quality Dividend Growth Index ETF,Equity,-,836846602.8,,67900,-
DISC,BMO Global Consumer Discretionary Hedged to CAD Index ETF,Equity,-,30184560.000000004,,3849,-
DIVS,Evolve Active Canadian Preferred Share Fund,Preferred Share,-,30158890.950000003,,2099,-
DLR,Global X US Dollar Currency ETF,Cash/Currency,-,293001195.84999996,,4099977,-
DLR.U,Global X US Dollar Currency ETF,Cash/Currency,-,215149614.57,,3311318,-
DMEC,Desjardins Canadian Equity Index ETF,Equity,-,1611705000,,320987,-
DMEE,Desjardins Emerging Markets Equity Index ETF,Equity,-,659148000,,148097,-
DMEI,Desjardins International Equity Index ETF,Equity,-,1702140000,,302002,-
DMEU,Desjardins American Equity Index ETF,Equity,-,2893370250,,576592,-
DMID,Desjardins American Mid Cap Equity Index ETF,Equity,-,291439500,,330945,-
DMQC,Desjardins Quebec Equity ETF,Equity,-,38272500,,12836,-
DRCU,Desjardins RI Active Canadian Bond - Net-Zero Emissions Pathway ETF,Fixed Income,-,45191999.99999999,,34166,-
DRFC,Desjardins RI Canada Multifactor - Net-Zero Emissions Pathway ETF,Equity,-,296605000,,48568,-
DRFD,DesjardinsRIDeveloped ex-USAex-Canada Multifactor-Net-ZeroEmissionsPathwayETF,Equity,-,292416000,,15873,-
DRFE,Desjardins RI Emerging Markets Multifactor - Net-Zero Emissions Pathway ETF,Equity,-,273607500,,35006,-
DRFG,Desjardins RI Global Multifactor - Fossil Fuel Reserves Free ETF,Equity,-,22644000,,1502,-
DRFU,Desjardins RI USA Multifactor - Net-Zero Emissions Pathway ETF,Equity,-,205368000,,546,-
DRMC,Desjardins RI Canada - Net-Zero Emissions Pathway ETF,Equity,-,94600000,,9318,-
DRMD,Desjardins RI Developed ex-USA ex-Canada - Net-Zero Emissions Pathway ETF,Equity,-,45752000,,3735,-
DRME,Desjardins RI Emerging Markets - Net-Zero Emissions Pathway ETF,Equity,-,67317000,,3516,-
DRMU,Desjardins RI USA - Net-Zero Emissions Pathway ETF,Equity,-,284115000,,3914,-
DXAU,Dynamic Active Global Gold ETF,Equity,-,93713000,,14796,-
DXB,Dynamic Active Tactical Bond ETF,Fixed Income,-,165837000,,75074,-
DXBB,Dynamic Active Bond ETF,Fixed Income,-,175141500,,130698,-
DXBC,Dynamic Active Canadian Bond ETF,Fixed Income,-,91224000,,6855,-
DXBG,Dynamic Global Fixed Income Fund,Fixed Income,-,998000,,141610,-
DXBU,Dynamic Active U.S. Investment Grade Corporate Bond ETF,Fixed Income,-,53655000,,11723,-
DXC,Dynamic Active Canadian Dividend ETF,Equity,-,364957000,,61267,-
DXCB,Dynamic Active Corporate Bond ETF,Fixed Income,-,56182500,,4905,-
DXCO,Dynamic Credit Opportunities Fund,Alternative,-,12084000,,7232,-
DXCP,Dynamic Short Term Credit PLUS Fund,Alternative,-,195526800,,162012,-
DXDB,Dynamic Active Discount Bond ETF,Fixed Income,-,768787499.9999999,,196290,-
DXDU.U,Dynamic Active U.S. Discount Bond ETF,Fixed Income,-,50828250,,12598,-
DXEM,Dynamic Active Emerging Markets ETF,Equity,-,9341200,,912,-
DXF,Dynamic Active Global Financial Services ETF,Equity,-,18690000,,5491,-
DXG,Dynamic Active Global Dividend ETF,Equity,-,789878500,,33958,-
DXG.U,Dynamic Active Global Dividend ETF,Equity,-,6185000,,5533,-
DXGE,Dynamic Active Global Equity Income ETF,Equity,-,96836250,,12349,-
DXID,Dynamic Active Innovation and Disruption ETF,Equity,-,72246550,,74838,-
DXID.U,Dynamic Active Innovation and Disruption ETF,Equity,-,4820300,,6910,-
DXIF,Dynamic Active International ETF,Equity,-,14565875,,3025,-
DXMO,Dynamic Active Mining Opportunities ETF,Equity,-,85194750,,36601,-
DXN,Dynamic Active Global Infrastructure ETF,Equity,-,23355000,,1775,-
DXO,Dynamic Active Crossover Bond ETF,Fixed Income,-,97709000,,27342,-
DXP,Dynamic Active Preferred Shares ETF,Preferred Share,-,617025000,,120396,-
DXQ,Dynamic Active Enhanced Yield Covered Options ETF,Equity,-,602550000,,246025,-
DXR,Dynamic Retirement Income Fund,Alternative,-,12595000,,2029,-
DXRE,Dynamic Active Real Estate ETF,Equity,-,37339500,,182,-
DXU,Dynamic Active U.S. Dividend ETF,Equity,-,79603000,,2443,-
DXU.U,Dynamic Active U.S. Dividend ETF,Equity,-,1050000,,1,-
DXUS,Dynamic Active U.S. Equity ETF,Equity,-,286018249.99999994,,15910,-
DXUS.U,Dynamic Active U.S. Equity ETF,Equity,-,6342300,,150,-
DXV,Dynamic Active Ultra Short Term Bond ETF,Fixed Income,-,338840000,,154798,-
DXW,Dynamic Active International Dividend ETF,Equity,-,53265250,,4537,-
DXZ,Dynamic Active U.S. Mid-Cap ETF,Equity,-,25737750,,5986,-
EARN,Evolve Active Global Fixed Income Fund,Fixed Income,-,31012644,,1757,-
EBIT,Evolve Bitcoin ETF,Cryptocurrency,-,163179209,,84116,-
EBIT.U,Evolve Bitcoin ETF,Cryptocurrency,-,10591887.5,,6702,-
EBNK,Evolve European Banks Enhanced Yield ETF,Equity,-,85018360,,94999,-
EBNK.B,Evolve European Banks Enhanced Yield ETF,Equity,-,52059000,,22708,-
EBNK.U,Evolve European Banks Enhanced Yield ETF,Equity,-,5628000,,3727,-
ECHI,Ninepoint Enhanced Canadian HighShares ETF,Equity,-,103693200,,212289,-
EDGE,Evolve Innovation Index Fund,Equity,-,30660000.000000004,,1698,-
EDGE.U,Evolve Innovation Index Fund,Equity,-,589250,,2,-
EDGF,Brompton European Dividend Growth ETF,Equity,-,38782194.879999995,,6016,-
EGIF,Exemplar Growth and Income Fund,Asset Allocation,-,2448000,,149,-
EHE,CI Europe Hedged Equity Index ETF,Equity,-,2964000.0000000005,,52,-
EHE.B,CI Europe Hedged Equity Index ETF,Equity,-,963749.9999999999,,141,-
EMAX,Hamilton Energy YIELD MAXIMIZER TM ETF,Equity,-,449866257.75,,257187,-
EMV.B,CI Emerging Markets Dividend Index ETF,Equity,-,77180250,,11179,-
ENBE,Harvest Enbridge Enhanced High Income Shares ETF,Single Stock ETF,-,6772500,,13747,-
ENCC,Global X Canadian Oil and Gas Equity Covered Call ETF,Equity,-,780559247.4,,510252,-
ENCL,Global X Enhanced Canadian Oil and Gas Equity Covered Call ETF,Equity,-,312491295.40000004,,261789,-
ENHI,Ninepoint Enbridge HighShares ETF,Single Stock ETF,-,11699399.999999998,,4518,-
EQCC,Global X All-Equity Asset Allocation Covered Call ETF,Equity,-,11169174.78,,6583,-
EQCL,Global X Enhanced All-Equity Asset Allocation Covered Call ETF,Equity,-,56020483.14,,33272,-
EQL,Invesco S&P 500 Equal Weight Index ETF,Equity,-,1576968950,,230419,-
EQL.F,Invesco S&P 500 Equal Weight Index ETF,Equity,-,1108833380,,217218,-
EQL.U,Invesco S&P 500 Equal Weight Index ETF,Equity,-,47652300,,21241,-
EQLI,Invesco S&P 500 Equal Weight Income Advantage ETF,Equity,-,142915500,,40805,-
EQLI.F,Invesco S&P 500 Equal Weight Income Advantage ETF,Equity,-,1012500,,2162,-
EQLI.U,Invesco S&P 500 Equal Weight Income Advantage ETF,Equity,-,1043000,,204,-
EQLT,Invesco S&P/TSX 60 Equal Weight Index ETF,Equity,-,22312500,,14401,-
EQY,Franklin All-Equity ETF,Asset Allocation,-,3960000,,136,-
ESG,Invesco S&P 500 ESG Index ETF,Equity,-,530970000.00000006,,27610,-
ESG.F,Invesco S&P 500 ESG Index ETF,Equity,-,99450000,,8296,-
ESGA,BMO MSCI Canada Selection Equity Index ETF,Equity,-,181146840,,22228,-
ESGB,BMO ESG Corporate Bond Index ETF,Fixed Income,-,84056000,,11208,-
ESGC,Invesco S&P/TSX Composite ESG Index ETF,Equity,-,105867000,,17488,-
ESGE,BMO MSCI EAFE Selection Equity Index ETF,Equity,-,114092964.00000001,,6488,-
ESGF,BMO ESG US Corporate Bond Hedged to CAD Index ETF,Fixed Income,-,26865920,,997,-
ESGG,BMO MSCI Global Selection Equity Index ETF,Equity,-,47743200,,3242,-
ESGY,BMO MSCI USA Selection Equity Index ETF,Equity,-,166603250,,3203,-
ESGY.F,BMO MSCI USA Selection Equity Index ETF,Equity,-,7524000,,458,-
ESPX,Evolve S&P 500® Enhanced Yield Fund,Equity,-,136246500,,25646,-
ESPX.B,Evolve S&P 500® Enhanced Yield Fund,Equity,-,3412500,,289,-
ESPX.U,Evolve S&P 500® Enhanced Yield Fund,Equity,-,8925000,,804,-
ETC,Evolve Cryptocurrencies ETF,Cryptocurrency,-,54101760,,54029,-
ETC.U,Evolve Cryptocurrencies ETF,Cryptocurrency,-,1306914,,1516,-
ETHH,Purpose Ether ETF,Cryptocurrency,-,102289000,,432451,-
ETHH.B,Purpose Ether ETF,Cryptocurrency,-,171622676.05,,373223,-
ETHH.F,Purpose Ether ETF,Cryptocurrency,-,-,,-,-
ETHH.U,Purpose Ether ETF,Cryptocurrency,-,18996250,,6742,-
ETHH.V,Purpose Ether ETF,Cryptocurrency,-,-,,-,-
ETHI,Global X Global Sustainability Leaders Index ETF,Equity,-,92194986.12,,4197,-
ETHO.B,Purpose Core Ether ETF,Cryptocurrency,-,28966500,,19955,-
ETHO.U,Purpose Core Ether ETF,Cryptocurrency,-,740500,,544,-
ETHQ,3iQ Ether Staking ETF,Cryptocurrency,-,71826079.5,,29364,-
ETHQ.U,3iQ Ether Staking ETF,Cryptocurrency,-,53014487.25,,22692,-
ETHR,Evolve Ether ETF,Cryptocurrency,-,45987830,,177648,-
ETHR.U,Evolve Ether ETF,Cryptocurrency,-,2478142,,672,-
ETHX,CI Galaxy Ethereum ETF,Cryptocurrency,-,6100000,,26349,-
ETHX.B,CI Galaxy Ethereum ETF,Cryptocurrency,-,343602179.99999994,,1009773,-
ETHX.U,CI Galaxy Ethereum ETF,Cryptocurrency,-,55188000,,110378,-
ETHY,Purpose Ether Yield ETF,Cryptocurrency,-,53126250,,767724,-
ETHY.B,Purpose Ether Yield ETF,Cryptocurrency,-,12555000,,80080,-
ETHY.U,Purpose Ether Yield ETF,Cryptocurrency,-,1413000,,18185,-
ETP,First Trust Global Risk Managed Income Index ETF,Asset Allocation,-,15023214.360000001,,239,-
ETSX,Evolve S&P/TSX 60 Enhanced Yield Fund,Equity,-,107505000,,25491,-
EVO,Evovest Global Equity ETF,Equity,-,215754000,,34940,-
FAUS,Fidelity Advanced U.S. Equity Fund,Equity,-,2153050,,780,-
FAUS.U,Fidelity Advanced U.S. Equity Fund,Equity,-,1572500,,192,-
FBGO,Franklin Brandywine Global Income Optimiser Fund,Fixed Income,-,26753000.000000004,,4759,-
FBT,First Trust NYSE Arca Biotechnology ETF,Equity,-,3052800,,1164,-
FBT.F,First Trust NYSE Arca Biotechnology ETF - Hedged Units,-,-,-,,-,-
FBTC,Fidelity Advantage Bitcoin ETF,Cryptocurrency,-,1170437500,,550318,-
FBTC.U,Fidelity Advantage Bitcoin ETF,Cryptocurrency,-,866891250,,9602,-
FCAB,Fidelity Absolute Income Fund,Fixed Income,-,638352325,,57340,-
FCAB.U,Fidelity Absolute Income Fund,Fixed Income,-,467378725,,2072,-
FCAE,Fidelity American Equity Fund,Equity,-,977999.9999999999,,1468,-
FCCD,Fidelity Canadian High Dividend ETF,Equity,-,338158500,,31298,-
FCCQ,Fidelity Canadian High Quality ETF,Equity,-,840992000,,51801,-
FCCV,Fidelity Canadian Value ETF,Equity,-,936144000.0000001,,265688,-
FCGI,Fidelity Global Monthly High Income ETF,Asset Allocation,-,43848000,,8076,-
FCID,Fidelity International High Dividend ETF,Equity,-,283777000,,90276,-
FCII,Franklin ClearBridge Global Infrastructure Income Fund,Equity,-,20670000,,4217,-
FCIQ,Fidelity International High Quality ETF,Equity,-,1511820500,,114383,-
FCIQ.U,Fidelity International High Quality ETF,Equity,-,1112265500,,9469,-
FCIV,Fidelity International Value ETF,Equity,-,1788886500,,355765,-
FCMI,Fidelity Canadian Monthly High Income ETF,Asset Allocation,-,15100000,,5027,-
FCQH,Fidelity U.S. High Quality Currency Neutral ETF,Equity,-,68006250,,11443,-
FCRC,Franklin Canadian Core Equity Fund,Equity,-,1272500,,336,-
FCRI,Franklin International Core Equity Fund,Equity,-,8996000,,15173,-
FCRR,Fidelity U.S. Dividend for Rising Rates ETF,Equity,-,36685000,,2123,-
FCRR.U,Fidelity U.S. Dividend for Rising Rates ETF,Equity,-,27731250,,236,-
FCRU,Franklin U.S. Core Equity Fund,Equity,-,2244000,,729,-
FCSI,Franklin ClearBridge International Growth Fund,Equity,-,6532500,,386,-
FCUB,Fidelity Core U.S. Bond ETF,Fixed Income,-,242505000,,28368,-
FCUB.U,Fidelity Core U.S. Bond ETF,Fixed Income,-,178027200,,5214,-
FCUD,Fidelity U.S. High Dividend ETF,Equity,-,247799250,,14872,-
FCUD.U,Fidelity U.S. High Dividend ETF,Equity,-,183404250,,1259,-
FCUH,Fidelity U.S. High Dividend Currency Neutral ETF,Equity,-,31878000,,6421,-
FCUQ,Fidelity U.S. High Quality ETF,Equity,-,1980037500,,74845,-
FCUQ.U,Fidelity U.S. High Quality ETF,Equity,-,1462548000,,291,-
FCUV,Fidelity U.S. Value ETF,Equity,-,2646270000,,470511,-
FCUV.U,Fidelity U.S. Value ETF,Equity,-,1982475000,,20519,-
FCVH,Fidelity U.S. Value Currency Neutral ETF,Equity,-,285735000,,119214,-
FDL,First Trust Morningstar Dividend Leaders ETF (CAD-Hedged),Equity,-,11855200,,385,-
FDN,First Trust Dow Jones Internet ETF,Equity,-,5709900,,1254,-
FDN.F,First Trust Dow Jones Internet ETF,Equity,-,739599.9999999999,,129,-
FEBB.F,First Trust Vest U.S. Equity Buffer ETF - February,Equity,-,52600000,,2154,-
FETH,Fidelity Advantage Ether ETF,Cryptocurrency,-,58613600,,20725,-
FETH.U,Fidelity Advantage Ether ETF,Cryptocurrency,-,43197600,,2528,-
FGBL,Forstrong Global Balanced ETF,Asset Allocation,-,1684500,,63,-
FGEB,Fidelity Global Equity+ Balanced Fund,Asset Allocation,-,22176900,,9275,-
FGEP,Fidelity Global Equity+ Fund,Equity,-,247345500,,132095,-
FGEP.U,Fidelity Global Equity+ Fund,Equity,-,183716100,,9628,-
FGGE,Franklin Global Growth Fund,Equity,-,11615000,,4408,-
FGO,CI Enhanced Government Bond ETF,Fixed Income,-,697172476,,826021,-
FGO.U,CI Enhanced Government Bond ETF,Fixed Income,-,12363717.5,,2835,-
FGOV,Franklin Canadian Government Bond Fund,Fixed Income,-,9324000,,1940,-
FGRW,Forstrong Global Growth ETF,Equity,-,2598000,,648,-
FGSM,Fidelity Global Small-Mid Cap Equity Fund,Equity,-,1007000,,1303,-
FHG,First Trust AlphaDEX U.S. Industrials Sector Index ETF,Equity,-,51476000,,3070,-
FHG.F,First Trust AlphaDEX U.S. Industrials Sector Index ETF,Equity,-,1850000,,10,-
FHH,First Trust AlphaDEX U.S. Health Care Sector Index ETF,Equity,-,6244500,,245,-
FHH.F,First Trust AlphaDEX U.S. Health Care Sector Index ETF,Equity,-,3017000,,17,-
FHI,CI Health Care Giants Covered Call ETF,Equity,-,107217250,,22495,-
FHI.B,CI Health Care Giants Covered Call ETF,Equity,-,4501000,,2236,-
FHI.U,CI Health Care Giants Covered Call ETF,Equity,-,2380000,,1122,-
FHIS,Franklin Canadian Ultra Short Term Bond Fund,Fixed Income,-,321860000,,143716,-
FHQ,First Trust AlphaDEX U.S. Technology Sector Index ETF,Equity,-,21032000,,724,-
FHQ.F,First Trust AlphaDEX U.S. Technology Sector Index ETF,Equity,-,5574000,,111,-
FIE,iShares Canadian Financial Monthly Income ETF,Asset Allocation,-,1253381250,,365456,-
FIG,CI Investment Grade Bond ETF,Fixed Income,-,138152459.12,,57919,-
FIG.U,CI Investment Grade Bond ETF,Fixed Income,-,5093790,,2015,-
FINC,Forstrong Global Income ETF,Equity,-,17522750,,913,-
FINO,Franklin Innovation Fund,Equity,-,7017500,,1059,-
FINT,First Trust International Capital Strength ETF,Equity,-,17320000,,4966,-
FLCI,Franklin Canadian Corporate Bond Fund,Fixed Income,-,66970000.00000001,,7552,-
FLCP,Franklin Canadian Core Plus Bond Fund,Fixed Income,-,120198000.00000001,,25680,-
FLGA,Franklin Global Core Bond Fund,Fixed Income,-,401940000,,42685,-
FLI,CI U.S. & Canada Lifeco Covered Call ETF,Equity,-,85602861.2,,68574,-
FLOT,Purpose Floating Rate Income Fund - ETF,-,-,-,,-,-
FLOT.B,Purpose Floating Rate Income Fund - ETF Non-currency hedged CAD,-,-,-,,-,-
FLOT.U,Purpose Floating Rate Income Fund - ETF Non-currency hedged USD,-,-,-,,-,-
FLSD,Franklin Canadian Short Term Bond Fund,Fixed Income,-,70664000,,13377,-
FLSE,Fidelity Global Opportunities Long/Short Fund,Equity,-,1939999.9999999998,,8343,-
FLUS,Franklin U.S. Large Cap Multifactor Index ETF,Equity,-,108860000,,4746,-
FLX,Purpose Global Flexible Credit Fund,Fixed Income,-,18581360,,6059,-
FLX.B,Purpose Global Flexible Credit Fund,Fixed Income,-,3798000,,8818,-
FLX.U,Purpose Global Flexible Credit Fund,Fixed Income,-,7350005.54,,632,-
FMAE,Fidelity Multi-Alt Equity Fund,Equity,-,44433400,,91460,-
FMAX,Hamilton U.S. Financials YIELD MAXIMIZER TM ETF,Equity,-,141804454.75,,63007,-
FMPB,Fidelity Global Balanced Portfolio,Asset Allocation,-,5177700,,3372,-
FMPG,Fidelity Global Growth Portfolio,Asset Allocation,-,1367080,,1365,-
FMPI,Fidelity Global Income Portfolio,Asset Allocation,-,1040400.0000000001,,669,-
FPR,CI Preferred Share ETF,Preferred Share,-,57339292.12,,1150,-
FSB,CI Enhanced Short Duration Bond Fund,Fixed Income,-,236120013.99999997,,108496,-
FSB.U,CI Enhanced Short Duration Bond Fund,Fixed Income,-,8068973,,31004,-
FSF,CI Global Financial Sector ETF,Equity,-,87082713.17999999,,6580,-
FSL,First Trust Senior Loan ETF (CAD-Hedged),Fixed Income,-,57163877.64,,23522,-
FST,First Trust Canadian Capital Strength ETF,Equity,-,207946861.5,,8147,-
FTHI,Fidelity Tactical High Income Fund,Asset Allocation,-,52377000,,53566,-
FTLS,First Trust Long/Short Equity ETF,Alternative,-,8544000,,9097,-
FUD,First Trust Value Line Dividend Index ETF (CAD-Hedged),Equity,-,5848505.51,,93,-
FXM,CI Morningstar Canada Value Index ETF,Equity,-,471554799.2,,47109,-
GASD,SavvyShort Geared Natural Gas ETF,Leverage/Inverse,-,3298750,,9930,-
GASU,SavvyLong Geared Natural Gas ETF,Leverage/Inverse,-,3211000.0000000005,,5631,-
GBAL,iShares ESG Balanced ETF Portfolio,Asset Allocation,-,212598000,,15653,-
GBSL,Ninepoint Global Select Fund,Alternative,-,6807500,,4724,-
GBUL,Ninepoint Gold Bullion Fund,Commodity,-,1521500,,4612,-
GCBD,Guardian Canadian Bond Fund,Fixed Income,-,48735757.53,,20995,-
GCFE,Guardian Canadian Focused Equity Fund,Equity,-,22570000,,13977,-
GCNS,iShares ESG Conservative Balanced ETF Portfolio,Asset Allocation,-,65394000,,7089,-
GCSC,Guardian Canadian Diversified Core Equity Fund,Equity,-,18056500,,1176,-
GCTB,Guardian Ultra-Short Canadian T-Bill Fund,Cash/Currency,-,252651500,,90460,-
GDEP,Guardian Directed Equity Path Portfolio,Equity,-,8235000,,2440,-
GDEP.B,Guardian Directed Equity Path Portfolio,Equity,-,11214000,,41,-
GDPY,Guardian Directed Premium Yield Portfolio,Equity,-,27688499.999999996,,16949,-
GDPY.B,Guardian Directed Premium Yield Portfolio,Equity,-,32959499.999999996,,15154,-
GDXD,BetaPro Canadian Gold Miners -2x Daily Bear ETF,Leverage/Inverse,-,21048910.049999997,,1244332,-
GDXU,BetaPro Canadian Gold Miners 2x Daily Bull ETF,Leverage/Inverse,-,382835062.5,,260820,-
GEQT,iShares ESG Equity ETF Portfolio,Asset Allocation,-,210104499.99999997,,13378,-
GGRO,iShares ESG Growth ETF Portfolio,Asset Allocation,-,217503000,,10838,-
GIDY,Guardian i3 Global Dividend Premium Yield Fund,Equity,-,49833000,,28963,-
GIES,Guardian International Equity Select Fund,Equity,-,4833000,,16474,-
GIGC,Guardian Investment Grade Corporate Bond Fund,Fixed Income,-,18463200,,393,-
GIQG,Guardian i3 Global Quality Growth ETF,Equity,-,7330500,,3342,-
GIQG.B,Guardian i3 Global Quality Growth ETF,Equity,-,44994750,,2002,-
GIQU,Guardian i3 US Quality Growth Fund,Equity,-,4401250,,125,-
GIQU.B,Guardian i3 US Quality Growth Fund,Equity,-,16230749.999999998,,362,-
GLCC,Global X Gold Producer Equity Covered Call ETF,Equity,-,674716260.9399999,,125722,-
GLCL,Global X Enhanced Gold Producer Equity Covered Call ETF,Equity,-,23568528.72,,11885,-
GLDD,BetaPro Gold Bullion -2x Daily Bear ETF,Leverage/Inverse,-,4134664.08,,391450,-
GLDE,Ninepoint Gold and Precious Minerals Fund,Equity,-,20092300,,14893,-
GLDU,BetaPro Gold Bullion 2x Daily Bull ETF,Leverage/Inverse,-,79820382.6,,381865,-
GLDX,Global X Gold Producers Index ETF,Equity,-,271952469.59999996,,79495,-
GOGY,Harvest Alphabet Enhanced High Income Shares ETF,Single Stock ETF,-,97979999.99999999,,33475,-
GRCC,Global X Growth Asset Allocation Covered Call ETF,Asset Allocation,-,16064985.809999999,,16927,-
GRO,Franklin Growth ETF Portfolio,Asset Allocation,-,1280000,,64,-
GTRI,IA Clarington Agile Global Total Return Income Fund,Fixed Income,-,126187200,,168054,-
GUTB.U,Guardian Ultra-Short U.S. T-Bill Fund,Cash/Currency,-,29517700,,2639,-
HAB,Global X Active Corporate Bond ETF,Fixed Income,-,295480614.26,,73665,-
HAC,Global X Seasonal Rotation ETF,Alternative,-,155023880.9,,6470,-
HAD,Global X Active Canadian Bond ETF,Fixed Income,-,43665839.67999999,,7301,-
HAF,Global X Active Global Fixed Income ETF,Fixed Income,-,64272515.800000004,,25988,-
HAL,Global X Active Canadian Dividend ETF,Equity,-,120002304.96000001,,8748,-
HALO,Russell Investments Fallen Angels ETF,Fixed Income,-,17982000,,14266,-
HAZ,Global X Active Global Dividend ETF,Equity,-,517666782.68999994,,36267,-
HBA,Hamilton Australian Bank Equal-Weight Index ETF,Equity,-,139168427.94,,8975,-
HBAL,Global X Balanced Asset Allocation ETF,Asset Allocation,-,166552158.15,,28888,-
HBB,Global X Canadian Select Universe Bond Index Corporate Class ETF,Fixed Income,-,3593008244.7,,171764,-
HBF,Harvest Brand Leaders Plus Income ETF,Equity,-,513616482.48,,92695,-
HBF.B,Harvest Brand Leaders Plus Income ETF,Equity,-,32562000,,5911,-
HBF.U,Harvest Brand Leaders Plus Income ETF,Equity,-,37691659.5,,6433,-
HBGD,Global X Big Data & Hardware Index ETF,Equity,-,35311910.4,,5183,-
HBGD.U,Global X Big Data & Hardware Index ETF,Equity,-,25957526.400000002,,639,-
HBIE,Harvest Balanced Income & Growth Enhanced ETF,Asset Allocation,-,12765500,,5422,-
HBIG,Harvest Balanced Income & Growth ETF,Asset Allocation,-,10651500,,3486,-
HBIL,Hamilton U.S. T-Bill YIELD MAXIMIZER TM ETF,Fixed Income,-,221184883.84,,142463,-
HBIL.U,Hamilton U.S. T-Bill YIELD MAXIMIZER TM ETF,Fixed Income,-,29587714.64,,22962,-
HBLK,Blockchain Technologies ETF,Equity,-,19785600,,2994,-
HBND,Hamilton U.S. Bond YIELD MAXIMIZER TM ETF,Equity,-,180248082.56,,117718,-
HBND.U,Hamilton U.S. Bond YIELD MAXIMIZER TM ETF,Equity,-,12823553.12,,6502,-
HBNK,Global X Equal Weight Canadian Banks Index ETF,Equity,-,969461007.48,,326403,-
HCA,Hamilton Canadian Bank Mean Reversion Index ETF,Equity,-,85033054.11999999,,6257,-
HCAL,Hamilton Enhanced Canadian Bank ETF,Equity,-,814094945.58,,190806,-
HCLN,Harvest Clean Energy ETF,Equity,-,19656000,,16469,-
HCON,Global X Conservative Asset Allocation ETF,Asset Allocation,-,34061555.5,,8110,-
HCRE,Global X Equal Weight Canadian REITs Index Corporate Class ETF,Equity,-,48612078,,3595,-
HDGE,Accelerate Absolute Return Fund,Alternative,-,41834500,,3907,-
HDGE.U,Accelerate Absolute Return Fund,Alternative,-,32131500,,9,-
HDIF,Harvest Diversified Monthly Income ETF,Equity,-,468884624.99999994,,288585,-
HDIV,Hamilton Enhanced Canadian Covered Call ETF,Equity,-,1353542747.2,,708079,-
HEB,Hamilton Canadian Bank Equal-Weight Index ETF,Equity,-,1088459511.36,,44715,-
HEQL,Global X Enhanced All-Equity Asset Allocation ETF,Equity,-,17351352.48,,27846,-
HEQT,Global X All-Equity Asset Allocation ETF,Equity,-,324970670.4,,56418,-
HERO,Evolve E-Gaming Index ETF,Equity,-,14373750,,5470,-
HEWB,Global X Equal Weight Canadian Banks Index Corporate Class ETF,Equity,-,252389140.8,,12156,-
HFG,Hamilton Global Financials ETF,Equity,-,58419064.48,,4093,-
HFIN,Hamilton Enhanced Canadian Financials ETF,Equity,-,333108759.75,,19522,-
HFN,HAMILTON CHAMPIONS TM Canadian Financials Index ETF,Equity,-,200753993.4,,42268,-
HFR,Global X Active Ultra-Short Term Investment Grade Bond ETF,Fixed Income,-,550256878.08,,238332,-
HGGG,Harvest Global Gold Giants Index ETF,Equity,-,66306250,,5540,-
HGR,Harvest Global REIT Leaders Income ETF,Equity,-,32623500,,82953,-
HGRW,Global X Growth Asset Allocation ETF,Asset Allocation,-,32947995.96,,1582,-
HGY,Global X Gold Yield ETF,Commodity,-,239476737.25,,116447,-
HHIC,Harvest Canadian High Income Shares ETF,Single Stock ETF,-,167769750,,199870,-
HHIH,Harvest High Income Equity Shares ETF,Equity,-,79589750,,78216,-
HHIS,Harvest Diversified High Income Shares ETF,Single Stock ETF,-,1221099250,,1666475,-
HHIS.U,Harvest Diversified High Income Shares ETF,Single Stock ETF,-,24206000,,36896,-
HHL,Harvest Healthcare Leaders Income ETF,Equity,-,1609661058.49,,1036476,-
HHL.B,Harvest Healthcare Leaders Income ETF,Equity,-,14195625,,9859,-
HHL.U,Harvest Healthcare Leaders Income ETF,Equity,-,107262000,,26154,-
HHLE,Harvest Healthcare Leaders Enhanced Income ETF,Equity,-,90915000,,117159,-
HIG,Brompton Global Healthcare Income & Growth ETF,Equity,-,63461296.53,,16512,-
HIG.U,Brompton Global Healthcare Income & Growth ETF,Equity,-,741675,,917,-
HIND,Harvest Industrial Leaders Income ETF,Equity,-,81972000,,28015,-
HISU.U,US High Interest Savings Account Fund,Cash/Currency,-,575632500,,433306,-
HLIF,Harvest Canadian Equity Income Leaders ETF,Equity,-,150272000,,45798,-
HLIT,Global X Lithium Producers Index ETF,Equity,-,21913280,,11419,-
HLPR,Global X Laddered Canadian Preferred Share Index Corporate Class ETF,Preferred Share,-,114396683.94,,6036,-
HMAX,Hamilton Canadian Financials YIELD MAXIMIZER TM ETF,Equity,-,2034848421.32,,1064186,-
HMMJ,Global X Marijuana Life Sciences Index ETF,Equity,-,43934158.62,,17725,-
HMMJ.U,Global X Marijuana Life Sciences Index ETF,Equity,-,33162422.76,,55,-
HMP,Global X Active Canadian Municipal Bond ETF,Fixed Income,-,66344341.160000004,,130403,-
HND,BetaPro Natural Gas Inverse Leveraged Daily Bear ETF,Leverage/Inverse,-,111338692.32000001,,17197331,-
HNU,BetaPro Natural Gas Leveraged Daily Bull ETF,Leverage/Inverse,-,213175658.25,,4967981,-
HOD,BetaPro Crude Oil Inverse Leveraged Daily Bear ETF,Leverage/Inverse,-,35997750,,5870124,-
HODY,Harvest Robinhood Enhanced High Income Shares ETF,Single Stock ETF,-,33450000,,85985,-
HOU,BetaPro Crude Oil Leveraged Daily Bull ETF,Leverage/Inverse,-,151550740.7,,2128602,-
HPF,Harvest Energy Leaders Plus Income ETF,Equity,-,63086721.02,,75024,-
HPF.U,Harvest Energy Leaders Plus Income ETF,Equity,-,2557111.1999999997,,3385,-
HPR,Global X Active Preferred Share ETF,Preferred Share,-,923138065.5,,179955,-
HPYB,Harvest Premium Yield Canadian Bank ETF,Equity,-,15430999.999999998,,61614,-
HPYE,Harvest Premium Yield Enhanced ETF,Equity,-,20750250,,79335,-
HPYM,Harvest Premium Yield 7-10 Year Treasury ETF,Fixed Income,-,254299499.99999997,,153698,-
HPYM.U,Harvest Premium Yield 7-10 Year Treasury ETF,Fixed Income,-,12523500,,5229,-
HPYT,Harvest Premium Yield Treasury ETF,Fixed Income,-,397424000,,392802,-
HPYT.B,Harvest Premium Yield Treasury ETF,Fixed Income,-,9357875,,10876,-
HPYT.U,Harvest Premium Yield Treasury ETF,Fixed Income,-,21090000,,26346,-
HRIF,Harvest Diversified Equity Income ETF,Equity,-,23868750,,6903,-
HRMS,Hermès CDR (CAD Hedged),-,-,1224500,,76,-
HSAV,Global X Cash Maximizer Corporate Class ETF,Cash/Currency,-,1923243750,,78159,-
HSH,Global X S&P 500 CAD Hedged Index Corporate Class ETF,Equity,-,312558229.4,,23807,-
HSUV.U,Global X USD Cash Maximizer Corporate Class ETF,Cash/Currency,-,762583500,,28641,-
HTA,Harvest Tech Achievers Growth & Income ETF,Equity,-,673626418.74,,150801,-
HTA.B,Harvest Tech Achievers Growth & Income ETF,Equity,-,5760000,,2444,-
HTA.U,Harvest Tech Achievers Growth & Income ETF,Equity,-,35210000,,3938,-
HTAE,Harvest Tech Achievers Enhanced Income ETF,Equity,-,80340000,,48831,-
HTB,Global X US 7-10 Year Treasury Bond Index Corporate Class ETF,Fixed Income,-,168397914.85,,9448,-
HTB.U,Global X US 7-10 Year Treasury Bond Index Corporate Class ETF,Fixed Income,-,124304944.9,,1604,-
HTTD,BetaPro US 30-Year T-Bond -3x Daily Bear ETF,Leverage/Inverse,-,-,,-,-
HTTU,BetaPro US 30-Year T-Bond 3x Daily Bull ETF,Leverage/Inverse,-,-,,-,-
HUBL,Harvest US Bank Leaders Income ETF,Equity,-,102556250,,43105,-
HUBL.U,Harvest US Bank Leaders Income ETF,Equity,-,12097500,,4866,-
HUC,Global X Crude Oil ETF,Commodity,-,46065381.6,,103240,-
HUG,Global X Gold ETF,Commodity,-,71245520,,39194,-
HULC,Global X US Large Cap Index Corporate Class ETF,Equity,-,564596430,,18619,-
HULC.U,Global X US Large Cap Index Corporate Class ETF,Equity,-,417049236,,2767,-
HUM,Hamilton U.S. Mid-Cap Financials ETF,Equity,-,28852910.28,,1528,-
HUN,Global X Natural Gas ETF,Commodity,-,8977639,,31338,-
HURA,Global X Uranium Index ETF,Equity,-,196900450,,48950,-
HUS,Hamilton US Financials Dividend Index ETF - CDN$ Hedged Units,Equity,-,-,,-,-
HUTE,Harvest Equal Weight Global Utilities Enhanced Income ETF,Equity,-,92263500,,62327,-
HUTL,Harvest Equal Weight Global Utilities Income ETF,Equity,-,496193749.99999994,,146964,-
HUTS,Hamilton Enhanced Utilities ETF,Equity,-,212916951.51999998,,47520,-
HUZ,Global X Silver ETF,Commodity,-,70044750,,329296,-
HVOI,Harvest Low Volatility Canadian Equity Income ETF,Equity,-,56855000,,13874,-
HVOL,Harvest Low Volatility Canadian Equity ETF,Equity,-,5131000,,22495,-
HXCN,Global X S&P/TSX Capped Composite Index Corporate Class ETF,Equity,-,2146010503,,76890,-
HXDM,Global X Intl Developed Markets Equity Index Corporate Class ETF,Equity,-,995723553.3000001,,63110,-
HXDM.U,Global X Intl Developed Markets Equity Index Corporate Class ETF,Equity,-,732974837.7,,10740,-
HXE,Global X S&P/TSX Capped Energy Index Corporate Class ETF,Equity,-,111852317.5,,15579,-
HXEM,Global X Emerging Markets Equity Index Corporate Class ETF,Equity,-,146731482.70000002,,26051,-
HXF,Global X S&P/TSX Capped Financials Index Corporate Class ETF,Equity,-,105629791.39999999,,1416,-
HXH,Global X Canadian High Dividend Index Corporate Class ETF,Equity,-,210232599.29999998,,7385,-
HXQ,Global X Nasdaq-100 Index Corporate Class ETF,Equity,-,1319821692.8,,95663,-
HXQ.U,Global X Nasdaq-100 Index Corporate Class ETF,Equity,-,972745779.1999999,,46420,-
HXS,Global X S&P 500 Index Corporate Class ETF,Equity,-,5666926349.64,,171877,-
HXS.U,Global X S&P 500 Index Corporate Class ETF,Equity,-,4169640799.6400003,,14520,-
HXT,Global X S&P/TSX 60 Index Corporate Class ETF,Equity,-,4782080258.16,,873687,-
HXT.U,Global X S&P/TSX 60 Index Corporate Class ETF,Equity,-,3509160431.6400003,,3528,-
HXX,Global X Europe 50 Index Corporate Class ETF,Equity,-,179831883.6,,14426,-
HYBR,Global X Active Hybrid Bond and Preferred Share ETF,Fixed Income,-,77107388.52,,23072,-
HYLD,Hamilton Enhanced U.S. Covered Call ETF,Equity,-,978881083.0699999,,520267,-
HYLD.U,Hamilton Enhanced U.S. Covered Call ETF,Equity,-,82429217.64,,38453,-
ICAE,Invesco S&P/TSX Canadian Dividend Aristocrats ESG Index ETF,Equity,-,9905000,,1095,-
ICBB,Invesco Global Bond ETF,-,-,-,,-,-
ICCB,Invesco Canadian Core Plus Bond ETF,Fixed Income,-,25516200,,875,-
ICGB,Invesco Global Bond ETF,Fixed Income,-,85453800,,141201,-
ICPB,IA Clarington Agile Core Plus Bond Fund,Fixed Income,-,69708000,,75511,-
IDEF.B,Manulife Smart International Defensive Equity ETF,Equity,-,3757500,,452,-
IDIV.B,Manulife Smart International Dividend ETF,Equity,-,1136313750,,941213,-
IFRF,IA Clarington Loomis Floating Rate Income Fund,Fixed Income,-,1338750,,1731,-
IGAF,IA Clarington Loomis Global Allocation Fund,Asset Allocation,-,39552000,,3992,-
IGB,Purpose Global Bond Class,Fixed Income,-,354050000,,124656,-
IGB.U,Purpose Global Bond Class,Fixed Income,-,-,,-,-
IGCF,PIMCO Investment Grade Credit Fund (Canada),Fixed Income,-,14211999.999999998,,1561,-
IGEO,IA Clarington Loomis Global Equity Opportunities Fund,Equity,-,6152200.000000001,,615,-
IGET,Invesco Morningstar Global Energy Transition Index ETF,Equity,-,1034000,,1107,-
IGET.F,Invesco Morningstar Global Energy Transition Index ETF,Equity,-,1032499.9999999999,,16,-
IIAE,Invesco S&P International Developed Dividend Aristocrats ESG Index ETF,Equity,-,1556500,,343,-
IIAE.F,Invesco S&P International Developed Dividend Aristocrats ESG Index ETF,Equity,-,13194000,,31,-
IICE,Invesco S&P International Developed ESG Index ETF,Equity,-,16289000,,3372,-
IICE.F,Invesco S&P International Developed ESG Index ETF,Equity,-,4213500,,180,-
IIMF,Invesco International Developed Dynamic-Multifactor Index ETF,Equity,-,80622500,,8600,-
IIMF.F,Invesco International Developed Dynamic-Multifactor Index ETF,Equity,-,14110000,,383,-
ILGB,IA Clarington Loomis Global Multisector Bond Fund,Fixed Income,-,19054161.459999997,,7215,-
INAI,Invesco Morningstar Global Next Gen AI Index ETF,Equity,-,25052625,,4545,-
INAI.F,Invesco Morningstar Global Next Gen AI Index ETF,Equity,-,18963000,,2482,-
INCM,Accelerate Diversified Credit Income Fund,Equity,-,58040750,,18767,-
INCM.B,Accelerate Diversified Credit Income Fund,Equity,-,29165500,,48945,-
INCM.U,Accelerate Diversified Credit Income Fund,Equity,-,42781000,,5304,-
INFR,Ninepoint Global Infrastructure Fund,Equity,-,3384000,,385,-
INGS,ING CDR (CAD Hedged),-,-,12852000.000000002,,989,-
INOC,Global X Inovestor Canadian Equity Index ETF,Equity,-,34018566.53,,2387,-
INTY,Evolve International Equity UltraYield ETF,Equity,-,18786200,,32513,-
IQD,CI International Quality Dividend Growth Index ETF,Equity,-,148818022.64,,23619,-
IQD.B,CI International Quality Dividend Growth Index ETF,Equity,-,198149200,,18010,-
ISCB,IA Clarington Strategic Corporate Bond Fund,Fixed Income,-,5425000,,2399,-
ISIF,IA Clarington Strategic Income Fund,Asset Allocation,-,2324000,,277,-
IUAE,Invesco S&P US Dividend Aristocrats ESG Index ETF,Equity,-,1267500,,145,-
IUAE.F,Invesco S&P US Dividend Aristocrats ESG Index ETF,Equity,-,18555000,,301,-
IUFR.U,Invesco US Treasury Floating Rate Note Index ETF (USD),Fixed Income,-,8789760,,7006,-
IUMF,Invesco Russell 1000 Dynamic-Multifactor Index ETF,Equity,-,112130200,,5162,-
IUMF.F,Invesco Russell 1000 Dynamic-Multifactor Index ETF,Equity,-,12778300,,3069,-
IWBE,Invesco ESG Global Bond ETF,Fixed Income,-,27820400,,2741,-
IWEB,IA Wealth Enhanced Bond Pool,Fixed Income,-,1513400,,193,-
JAPN,CI Japan Equity Index ETF,Equity,-,40402800,,8709,-
JAPN.B,CI Japan Equity Index ETF,Equity,-,701558000,,76063,-
JAVA,JPMorgan US Value Active ETF,Equity,-,24291000,,11715,-
JBND,JPMorgan US Bond Active ETF,Fixed Income,-,225860800,,128733,-
JCOR,JPMorgan US Core Active ETF,Equity,-,58594500,,10942,-
JEPI,JPMorgan US Equity Premium Income Active ETF,Equity,-,316890000,,189442,-
JEPQ,JPMorgan Nasdaq Equity Premium Income Active ETF,Equity,-,151335000,,134241,-
JGLO,JPMorgan Global Select Equity Active ETF,Equity,-,46758999.99999999,,5520,-
JGRO,JPMorgan US Growth Active ETF,Equity,-,27241500,,11499,-
JIDE,JPMorgan International Developed Equity Active ETF,Equity,-,17806500,,5540,-
JNJY,Harvest JnJ Enhanced High Income Shares ETF,Single Stock ETF,-,1929000,,1032,-
JPHE,Harvest JPHE Enhanced High Income Shares ETF,Single Stock ETF,-,1869000,,7520,-
JPST,JPMorgan US Ultra-Short Income Active ETF,Fixed Income,-,24870000,,5425,-
KILO,Purpose Gold Bullion Fund,Commodity,-,590942947.14,,165945,-
KILO.B,Purpose Gold Bullion Fund,Commodity,-,378736304,,66414,-
KILO.U,Purpose Gold Bullion Fund,Commodity,-,31860000.000000004,,5819,-
KNGC,Brompton Canadian Cash Flow Kings ETF,Equity,-,10086000,,6704,-
KNGU,Brompton U.S. Cash Flow Kings ETF,Equity,-,12693999.999999998,,9140,-
KNGX,Brompton International Cash Flow Kings ETF,Equity,-,9296000,,14867,-
LBIT,Evolve Levered Bitcoin ETF,Cryptocurrency,-,3030750,,8893,-
LBIT.U,Evolve Levered Bitcoin ETF,Cryptocurrency,-,455000,,107,-
LEAD,Evolve Future Leadership Fund,Equity,-,12830999.999999998,,6702,-
LEAD.B,Evolve Future Leadership Fund,Equity,-,3794000,,751,-
LEAD.U,Evolve Future Leadership Fund,Equity,-,2596250,,823,-
LETH,Evolve Levered Ether ETF,Cryptocurrency,-,1297500,,2055,-
LETH.U,Evolve Levered Ether ETF,Cryptocurrency,-,582500,,187,-
LIFE,Evolve Global Healthcare Enhanced Yield Fund,Equity,-,267524955.96,,82166,-
LIFE.B,Evolve Global Healthcare Enhanced Yield Fund,Equity,-,33255320,,2289,-
LIFE.U,Evolve Global Healthcare Enhanced Yield Fund,Equity,-,13340753.14,,1751,-
LLHE,Harvest Eli Lilly Enhanced High Income Shares ETF,Single Stock ETF,-,170141250,,202242,-
LLHE.U,Harvest Eli Lilly Enhanced High Income Shares ETF,Single Stock ETF,-,5071500,,4388,-
LLYH,Harvest Eli Lilly High Income Shares ETF,Single Stock ETF,-,30125000,,13348,-
LLYH.U,Harvest Eli Lilly High Income Shares ETF,Single Stock ETF,-,1811250,,1598,-
LMAX,Hamilton Healthcare YIELD MAXIMIZER TM ETF,Equity,-,172782217.5,,84380,-
LMT,Lockheed Martin CDR (CAD Hedged),-,-,34668000,,58417,-
LONG,CI Global Longevity Economy Fund,Equity,-,4026000,,2,-
LORL,L'Oréal CDR (CAD Hedged),-,-,1293500,,144,-
LPAY,Global X Long-Term U.S. Treasury Premium Yield ETF,Fixed Income,-,22645723.8,,11493,-
LPAY.U,Global X Long-Term U.S. Treasury Premium Yield ETF,Fixed Income,-,16660782.510000002,,7170,-
LVMH,LVMH CDR (CAD Hedged),-,-,3096000,,2363,-
LYCT,Lysander-Canso Corporate Treasury ActivETF,Fixed Income,-,23933000,,7402,-
LYFR,Lysander-Canso Floating Rate ActivETF,Fixed Income,-,5566000,,4600,-
LYUV.U,Lysander-Canso U.S. Corporate Value Bond Fund,Fixed Income,-,4554000,,8168,-
MAAA,Mackenzie AAA CLO ETF,Fixed Income,-,164920000,,16251,-
MAGV,Mackenzie Global Value ETF,Equity,-,4870000,,9313,-
MALX,Mackenzie GQE US Alpha Extension ETF,Equity,-,10136500,,13962,-
MART,Global X Equal Weight Canadian Groceries & Staples Index ETF,Equity,-,12747000,,3175,-
MAUG,Mackenzie US All Cap Growth ETF,Equity,-,4995000,,7696,-
MAUV,Mackenzie US Value ETF,Equity,-,5045000,,7555,-
MAYB.F,First Trust Vest U.S. Equity Buffer ETF - May,Equity,-,37320000,,3883,-
MBAL,Mackenzie Balanced Allocation ETF,Asset Allocation,-,186151000,,36590,-
MBQG,Mackenzie GQE Global Balanced ETF,Equity,-,977000,,1727,-
MCAD,Premium Cash Management Fund,Cash/Currency,-,72543500,,87931,-
MCAN,Manulife Canadian Equity Class,Equity,-,1158000,,4089,-
MCLC,Manulife Multifactor Canadian Large Cap Index ETF,Equity,-,518692000,,42676,-
MCLV,Mackenzie GQE Canada Low Volatility ETF,Equity,-,144891250,,29442,-
MCON,Mackenzie Conservative Allocation ETF,Asset Allocation,-,31499000,,8330,-
MCOR,Manulife Core Plus Bond Fund,Fixed Income,-,1268750,,56,-
MCSB,Mackenzie Canadian Short Term Fixed Income ETF,Fixed Income,-,38922000,,14409,-
MCSM,Manulife Multifactor Canadian SMID Cap Index ETF,Equity,-,405240000.00000006,,5406,-
MCYC,Mackenzie Cyclical Tilt ETF,Equity,-,2160000,,603,-
MDEF,Mackenzie Defensive Tilt ETF,Equity,-,2093000,,282,-
MDIF,Manulife Dividend Income Fund,Equity,-,1137600,,124,-
MDIV,Middlefield Global Dividend Growers ETF,Equity,-,56855145.44,,2424,-
MEDX,Global X Equal Weight Global Healthcare Index ETF,Equity,-,2171000,,3205,-
MEME.B,Manulife Multifactor Emerging Markets Index ETF,Equity,-,535892500,,42295,-
MEQT,Mackenzie All-Equity Allocation ETF,Equity,-,21364000,,6508,-
METE,Harvest Meta Enhanced High Income Shares ETF,Single Stock ETF,-,106929000,,67750,-
MFT,Mackenzie Floating Rate Income ETF,Fixed Income,-,329517000,,154521,-
MFUN,Manulife Fundamental Equity Fund,Equity,-,9980750,,2643,-
MGAB,Mackenzie Global Fixed Income Allocation ETF,Asset Allocation,-,5127000,,474,-
MGB,Mackenzie Core Plus Global Fixed Income ETF,Fixed Income,-,106127999.99999999,,21644,-
MGDV,Mackenzie Global Dividend ETF,Equity,-,370719000,,53109,-
MGEQ,Manulife Global Equity Class ETF,Equity,-,-,,256,-
MGQE,Mackenzie GQE Global Equity ETF,Equity,-,349906750,,163670,-
MGRW,Mackenzie Growth Allocation ETF,Asset Allocation,-,65305500.00000001,,13548,-
MHCD,Middlefield Healthcare Dividend ETF,Equity,-,146827800.54000002,,36087,-
MHDC,Mackenzie Canadian High Dividend Yield ETF,Equity,-,4832000,,2611,-
MHDU,Mackenzie US High Dividend Yield ETF,Equity,-,4508000,,6011,-
MIDB,Evolve Enhanced Yield Mid Term Bond Fund,Fixed Income,-,13896067.830000002,,5522,-
MIDB.B,Evolve Enhanced Yield Mid Term Bond Fund,Fixed Income,-,764829.58,,0,-
MIDB.U,Evolve Enhanced Yield Mid Term Bond Fund,Fixed Income,-,472250,,0,-
MINF,Middlefield Global Infrastructure Dividend ETF,Equity,-,22389683.029999997,,1395,-
MINT,Manulife Multifactor Developed International Index ETF,Equity,-,45060000,,3246,-
MINT.B,Manulife Multifactor Developed International Index ETF,Equity,-,194386500,,19606,-
MIQE,Mackenzie GQE International Equity ETF,Equity,-,1156456000,,618274,-
MIVG,Mackenzie Ivy Global Equity ETF,Equity,-,26383000,,951,-
MIX,Hamilton Enhanced Mixed Asset ETF,Equity,-,21724506.05,,12854,-
MKB,Mackenzie Canadian Strategic Fixed Income ETF,Fixed Income,-,918242499.9999999,,169262,-
MNS,Royal Canadian Mint - Canadian Silver Reserves Exchange-Traded Receipts,-,-,276488119.98,,59837,-
MNS.U,Royal Canadian Mint - Canadian Silver Reserves Exchange-Traded Receipts,-,-,201781453.4,,911,-
MNT,Royal Canadian Mint - Canadian Gold Reserves Exchange-Traded Receipts,-,-,1341127844.98,,118223,-
MNT.U,Royal Canadian Mint - Canadian Gold Reserves Exchange-Traded Receipts,-,-,976684940.6600001,,4365,-
MNU.U,Purpose USD Cash Management Fund,Cash/Currency,-,197737000,,40126,-
MNXT,Mackenzie Bluewater Next Gen Growth ETF,Equity,-,11825000,,3021,-
MNY,Purpose Cash Management Fund,Cash/Currency,-,1701360000,,339299,-
MOAT,Moat Active Premium Yield ETF,Equity,-,3144000,,3719,-
MORE,Mackenzie Core Resources ETF,Equity,-,65394000,,24962,-
MPAY,Global X Mid-Term U.S. Treasury Premium Yield ETF,Fixed Income,-,125294534.64,,36633,-
MPAY.U,Global X Mid-Term U.S. Treasury Premium Yield ETF,Fixed Income,-,92338398.9,,1483,-
MPY,Mulvihill Premium Yield Fund,Equity,-,16560000,,3343,-
MREL,Middlefield Real Estate Dividend ETF,Equity,-,154937707.5,,46183,-
MSBP,Middlefield Short Duration Bond Plus ETF,Fixed Income,-,45250000,,157494,-
MSFH,Harvest Microsoft High Income Shares ETF,Single Stock ETF,-,30889249.999999996,,80710,-
MSFH.U,Harvest Microsoft High Income Shares ETF,Single Stock ETF,-,4408000,,3128,-
MSFU,SavvyLong (2X) MSFT ETF,Single Stock ETF,-,7804500,,69491,-
MSHE,Harvest Microsoft Enhanced High Income Shares ETF,Single Stock ETF,-,103787500,,127732,-
MSHE.U,Harvest Microsoft Enhanced High Income Shares ETF,Single Stock ETF,-,2625000,,5350,-
MSI,iShares S&P/TSX Capped Materials Index,-,-,-,,-,-
MSTE,Harvest Strategy Inc. Enhanced High Income Shares ETF,Single Stock ETF,-,304584000,,2472027,-
MSTU,LFG Daily (2X) MSTR Long ETF,Single Stock ETF,-,4769187.5,,101124,-
MSTY,Harvest Strategy Inc. High Income Shares ETF,Single Stock ETF,-,52851500,,284808,-
MSTZ,SavvyShort (-2X) MSTR ETF,Single Stock ETF,-,895044.7499999999,,31588,-
MTBA,Mackenzie Target 2027 North American IG Corporate Bond ETF,Fixed Income,-,5047500,,131,-
MTBB,Mackenzie Target 2029 North American IG Corporate Bond ETF,Fixed Income,-,5072500,,0,-
MTRX,Global X Artificial Intelligence Infrastructure Index ETF,Equity,-,30260000,,27615,-
MUB,Mackenzie Unconstrained Bond ETF,Fixed Income,-,1167688000,,243088,-
MUL,Mackenzie US Low Volatility ETF,-,-,-,,-,-
MULC,Manulife Multifactor U.S. Large Cap Index ETF,Equity,-,11764000,,1129,-
MULC.B,Manulife Multifactor U.S. Large Cap Index ETF,Equity,-,175960000.00000003,,28704,-
MULV,Mackenzie GQE US Low Volatility ETF,Equity,-,55656000,,7448,-
MUMC,Manulife Multifactor U.S. Mid Cap Index ETF,Equity,-,12332500,,2081,-
MUMC.B,Manulife Multifactor U.S. Mid Cap Index ETF,Equity,-,67574000,,3640,-
MUSA,Middlefield U.S. Equity Dividend ETF,Equity,-,44555310.84,,1570,-
MUSC,Manulife Multifactor U.S. Small Cap Index ETF,Equity,-,3740000,,955,-
MUSC.B,Manulife Multifactor U.S. Small Cap Index ETF,Equity,-,2318000,,16,-
MUSD.U,US Premium Cash Management Fund,Cash/Currency,-,10023000,,1577,-
MWLV,Mackenzie GQE World Low Volatility ETF,Equity,-,397318237.85,,51823,-
NALT,NBI Liquid Alternatives ETF,Alternative,-,206142000,,33499,-
NBAL,Ninepoint Balanced+ Fund,Asset Allocation,-,1130000,,227,-
NBCU,SavvyLong 2X NBC (NA) Equity-Linked ETF,Single Stock ETF,-,3632500,,469,-
NBGE,NBI Global Equity Fund,Equity,-,1336400,,4042,-
NBGE.F,NBI Global Equity Fund,Equity,-,1044000,,500,-
NBIE,NBI International Equity Fund,Equity,-,1072000,,276,-
NBIE.F,NBI International Equity Fund,Equity,-,1066000,,204,-
NBQC,NBI Quebec Growth Fund,Equity,-,1019999.9999999999,,1261,-
NBSC,NBI Global Small Cap Fund,Equity,-,936000,,196,-
NBSC.F,NBI Global Small Cap Fund,Equity,-,1000000,,20,-
NBUE,NBI U.S. Equity Fund,Equity,-,1402500,,3189,-
NBUE.F,NBI U.S. Equity Fund,Equity,-,967000,,1010,-
NCAP,Ninepoint Capital Appreciation Fund ETF,Single Stock ETF,-,-,,-,-
NCPB,NBI Canadian Core Plus Bond Fund,Fixed Income,-,63872000,,12900,-
NDIV,NBI Canadian Dividend Income ETF,Equity,-,18731200,,338,-
NFLY,Harvest Netflix Enhanced High Income Shares ETF,Single Stock ETF,-,84297999.99999999,,67383,-
NGDN,SavvyShort Geared Natural Gas ETF,Leverage/Inverse,-,-,,-,-
NGPE,NBI Global Private Equity ETF,Equity,-,394771999.99999994,,2790,-
NGUP,SavvyLong Geared Natural Gas ETF,Leverage/Inverse,-,-,,-,-
NHYB,NBI High Yield Bond ETF,Fixed Income,-,1426852500,,71612,-
NINT,NBI Active International Equity ETF,Equity,-,765530400,,26546,-
NINV,NBI Innovators Fund,Equity,-,955000.0000000001,,157,-
NINV.F,NBI Innovators Fund,Equity,-,1014000,,24,-
NMNG,Ninepoint Mining Evolution Fund,Equity,-,10400400,,37739,-
NOVB.F,First Trust Vest U.S. Equity Buffer ETF - November,Equity,-,44028000,,3596,-
NOVO,Novo Nordisk CDR (CAD Hedged),-,-,16260000.000000002,,29456,-
NOVY,Harvest Novo Enhanced High Income Shares ETF,Single Stock ETF,-,2648000,,24045,-
NPRF,NBI Active Canadian Preferred Shares ETF,Preferred Share,-,162687000,,10858,-
NREA,NBI Global Real Assets Income Fund,Equity,-,1744197000,,44020,-
NRGD,BetaPro S&P/TSX Capped Energy -2x Daily Bear ETF,Leverage/Inverse,-,2618764.58,,66353,-
NRGU,BetaPro S&P/TSX Capped Energy 2x Daily Bull ETF,Leverage/Inverse,-,43894893,,183732,-
NRGY,Global X Equal Weight Canadian Oil & Gas Index ETF,Equity,-,328189919.44,,73494,-
NSCB,NBI Sustainable Canadian Bond ETF,Fixed Income,-,2885836250,,64884,-
NSCC,NBI Sustainable Canadian Corporate Bond ETF,Fixed Income,-,155722000,,12505,-
NSCE,NBI Sustainable Canadian Equity ETF,Equity,-,2157894000,,205481,-
NSDI,NBI SmartData International Equity Fund,Equity,-,152768000,,344732,-
NSDI.F,NBI SmartData International Equity Fund,Equity,-,1120000,,547,-
NSDU,NBI SmartData U.S. Equity Fund,Equity,-,2026000.0000000002,,3332,-
NSDU.F,NBI SmartData U.S. Equity Fund,Equity,-,1043000,,16,-
NSGE,NBI Sustainable Global Equity ETF,Equity,-,173902500,,183849,-
NSSB,NBI Sustainable Canadian Short Term Bond ETF,Fixed Income,-,47380000,,9769,-
NSTL,Nestlé CDR (CAD Hedged),-,-,2422000,,492,-
NTGA,NBI Target 2026 Investment Grade Bond Fund,Fixed Income,-,4052000.0000000005,,2035,-
NTGB,NBI Target 2027 Investment Grade Bond Fund,Fixed Income,-,3352800,,647,-
NTGC,NBI Target 2028 Investment Grade Bond Fund,Fixed Income,-,3155800,,420,-
NTGD,NBI Target 2029 Investment Grade Bond Fund,Fixed Income,-,1010000,,109,-
NTGE,NBI Target 2030 Investment Grade Bond Fund,Fixed Income,-,5823199.999999999,,771,-
NTGF,NBI Target 2031 Investment Grade Bond Fund,Fixed Income,-,3954600,,2988,-
NUBF,NBI Unconstrained Fixed Income ETF,Fixed Income,-,2952500500,,119492,-
NUSA,NBI Active U.S. Equity ETF,Equity,-,87250800,,12406,-
NUSA.F,NBI Active U.S. Equity ETF,Equity,-,989000,,24,-
NVDD,SavvyShort (-2X) NVDA ETF,Single Stock ETF,-,1800000,,20724,-
NVDH,Harvest NVIDIA High Income Shares ETF,Single Stock ETF,-,30931500.000000004,,32480,-
NVDH.U,Harvest NVIDIA High Income Shares ETF,Single Stock ETF,-,3390750,,5902,-
NVDU,SavvyLong (2X) NVDA ETF,Single Stock ETF,-,10976000,,84194,-
NVHE,Harvest NVIDIA Enhanced High Income Shares ETF,Single Stock ETF,-,187329375,,423712,-
NVHE.U,Harvest NVIDIA Enhanced High Income Shares ETF,Single Stock ETF,-,5985000,,16667,-
NXF,CI Energy Giants Covered Call ETF,Equity,-,128300411.91000001,,191599,-
NXF.B,CI Energy Giants Covered Call ETF,Equity,-,31734136.909999996,,17534,-
NXF.U,CI Energy Giants Covered Call ETF,Equity,-,3774000,,4749,-
NXTG,First Trust Indxx NextG ETF,Equity,-,1457100,,381,-
OILD,SavvyShort Geared Crude Oil ETF,Leverage/Inverse,-,2700375,,12286,-
OILU,SavvyLong Geared Crude Oil ETF,Leverage/Inverse,-,12525500,,16811,-
OILY,Evolve Canadian Energy Enhanced Yield Index Fund,Equity,-,20900000,,50003,-
ONEB,CI North American Core Plus Bond ETF,Fixed Income,-,86345000,,2686,-
ONEC,Accelerate OneChoice Alternative Multi-Asset Fund,Alternative,-,24816000,,4070,-
ONEQ,CI Global Core Plus Equity ETF,Equity,-,51730000,,1185,-
ORCY,Harvest Oracle Enhanced High Income Shares ETF,Single Stock ETF,-,5106250,,35938,-
PABF,Purpose Active Balanced Fund,Asset Allocation,-,237625500,,33215,-
PACF,Purpose Active Conservative Fund,Asset Allocation,-,63937249.99999999,,8636,-
PAGF,Purpose Active Growth Fund,Asset Allocation,-,197113500,,87444,-
PAYF,Purpose Enhanced Premium Yield Fund,Alternative,-,51171000,,8221,-
PAYL,Global X Long-Term Government Bond Premium Yield ETF,Fixed Income,-,1783267.4499999997,,1078,-
PAYM,Global X Mid-Term Government Bond Premium Yield ETF,Fixed Income,-,13852869.399999999,,2569,-
PAYS,Global X Short-Term Government Bond Premium Yield ETF,Fixed Income,-,90460768.67999999,,65745,-
PBAL,PIMCO Managed Balanced Portfolio,Asset Allocation,-,1479000,,2747,-
PBD,Purpose Total Return Bond Fund,Fixed Income,-,13894200.87,,1169,-
PBI,Purpose Best Ideas Fund,Equity,-,9950059.84,,1166,-
PBI.B,Purpose Best Ideas Fund,Equity,-,3624572.7,,56,-
PCON,PIMCO Managed Conservative Bond Pool,Fixed Income,-,20424000,,4248,-
PCOR,PIMCO Managed Core Bond Pool,Fixed Income,-,371276000,,126616,-
PDC,Invesco Canadian Dividend Index ETF,Equity,-,949031190.0000001,,48431,-
PDF,Purpose Core Dividend Fund,Equity,-,220217092.82000002,,8519,-
PDIV,Purpose Enhanced Dividend Fund,Equity,-,86680616.39999999,,56614,-
PFAA,PICTON Multi-Strategy Alpha Alternative Fund,Alternative,-,350850150,,99653,-
PFAE,PICTON Long Short Equity (130/30) Alternative Fund,Alternative,-,34068000,,29934,-
PFCB,PICTON Core Bond Fund,Alternative,-,78810000,,41227,-
PFCO,PICTON Credit Opportunities Alternative Fund,Alternative,-,44603700,,36399,-
PFIA,PICTON  Long Short Income  Alternative Fund,Alternative,-,460857600,,278896,-
PFIG,PICTON Investment Grade Alternative Fund,Alternative,-,1747800.0000000002,,912,-
PFIN,PICTON Income Fund,Alternative,-,77652600,,159299,-
PFL,Invesco Canadian Government Floating Rate Index ETF,Fixed Income,-,250061000,,102955,-
PFLS,PICTON Long Short Equity Alternative Fund,Alternative,-,127927200,,45136,-
PFMN,PICTON Market Neutral Equity Alternative Fund,Alternative,-,580885480,,193396,-
PFMS,PICTON Multi-Strategy Alternative Fund,Alternative,-,12387200,,11614,-
PFSS,Picton Credit Opportunities Alternative ETF,Alternative,-,-,,-,-
PHE,Purpose Tactical Hedged Equity Fund,Alternative,-,4431636,,2041,-
PHE.B,Purpose Tactical Hedged Equity Fund,Alternative,-,23314024,,3170,-
PHR,Purpose Real Estate Income Fund,Equity,-,6626750,,154,-
PHW,Purpose International Enhanced Equity Income Fund,Alternative,-,1403915.4,,8772,-
PID,Purpose International Dividend Fund,Equity,-,158840000,,23683,-
PIN,Purpose Monthly Income Fund,Asset Allocation,-,8377681.510000001,,2279,-
PINC,Purpose Multi-Asset Income Fund,Asset Allocation,-,61322578.75,,1923,-
PINV,Purpose Global Innovators Fund,Equity,-,1286500,,44,-
PLDI,PIMCO Low Duration Monthly Income Fund (Canada),Fixed Income,-,52780000.00000001,,29901,-
PLTE,Harvest Palantir Enhanced High Income Shares ETF,Single Stock ETF,-,162927750,,243856,-
PMIF,PIMCO Monthly Income Fund (Canada),Fixed Income,-,4459399750,,1265883,-
PMIF.U,PIMCO Monthly Income Fund (Canada),Fixed Income,-,161000000,,42259,-
PMM,Purpose Multi-Strategy Market Neutral Fund,Alternative,-,45208250,,3009,-
PMNT,PIMCO Global Short Maturity Fund (Canada),Fixed Income,-,34687500,,15438,-
PPLN,Global X Equal Weight Canadian Pipelines Index ETF,Equity,-,99670167.50999999,,281039,-
PR,Lysander-Slater Preferred Share ActivETF,Preferred Share,-,91097034,,30750,-
PRA,Purpose Diversified Real Asset Fund,Asset Allocation,-,152891277.82,,31013,-
PREF,Quadravest Preferred Split Share ETF,Preferred Share,-,44517000,,21230,-
PRP,Purpose Conservative Income Fund,Equity,-,993500,,55,-
PSA,Purpose High Interest Savings Fund,Cash/Currency,-,3022114000,,987590,-
PSB,Invesco 1-5 Year Laddered Investment Grade Corporate Bond Index ETF,Fixed Income,-,551499302.5,,171072,-
PSU,Purpose US Cash Fund ETF Unit,-,-,-,,-,-
PSU.U,Purpose US Cash Fund,Cash/Currency,-,746633142.5,,263392,-
PXC,Invesco RAFI Canadian Index ETF,Equity,-,226139804.8,,16876,-
PXS,Invesco RAFI U.S. Index ETF II,Equity,-,44914880,,3218,-
PXS.U,Invesco RAFI U.S. Index ETF II,Equity,-,2007870,,120,-
PXU.F,Invesco RAFI U.S. Index ETF,Equity,-,55495049.99999999,,3218,-
PYF,Purpose Premium Yield Fund,Alternative,-,392883750,,136349,-
PYF.B,Purpose Premium Yield Fund,Alternative,-,1923999.9999999998,,1301,-
PYF.U,Purpose Premium Yield Fund,Alternative,-,9165000,,3201,-
PZW,Invesco RAFI Global Small-Mid ETF,Equity,-,23720360,,16823,-
PZW.F,Invesco RAFI Global Small-Mid ETF,Equity,-,8459000,,273,-
PZW.U,Invesco RAFI Global Small-Mid ETF,Equity,-,653600,,228,-
QAH,Mackenzie US Large Cap Equity Index ETF (CAD-Hedged),Equity,-,888977600,,11631,-
QASH,Mackenzie Canadian Ultra Short Bond Index ETF,Fixed Income,-,133239400.00000001,,51568,-
QBB,Mackenzie Canadian Aggregate Bond Index ETF,Fixed Income,-,1352287200,,32436,-
QBTL,AGF US Market Neutral Anti-Beta CAD-Hedged ETF,Alternative,-,415985000,,135535,-
QCE,Mackenzie Canadian Large Cap Equity Index ETF,Equity,-,227035200,,7947,-
QCLN,First Trust NASDAQ Clean Edge Green Energy ETF,Equity,-,4804800,,1017,-
QCN,Mackenzie Canadian Equity Index ETF,Equity,-,4908357600,,151062,-
QDX,Mackenzie International Equity Index ETF,Equity,-,1423121400,,48755,-
QDXB,Mackenzie Developed ex-North America Aggregate Bond Index ETF (CAD-Hedged),Fixed Income,-,35240000,,1853,-
QDXH,Mackenzie International Equity Index ETF (CAD-Hedged),Equity,-,35703800,,1054,-
QEBH,Mackenzie Emerging Markets Bond Index ETF (CAD-Hedged),Fixed Income,-,313170000,,20487,-
QEBL,Mackenzie Emerging Markets Local Currency Bond Index ETF,Fixed Income,-,167700000,,30203,-
QEE,Mackenzie Emerging Markets Equity Index ETF,Equity,-,127283416.80000001,,8679,-
QHY,Mackenzie US High Yield Bond Index ETF (CAD-Hedged),Fixed Income,-,198982000,,22468,-
QINF,Mackenzie Global Infrastructure Index ETF,Equity,-,30129749.999999996,,2428,-
QINF CN,Mackenzie Global Infrastructure Index ETF,-,-,-,,-,-
QLB,Mackenzie Canadian Government Long Bond Index ETF,Fixed Income,-,74723200,,1864,-
QMAX,Hamilton Technology YIELD MAXIMIZER TM ETF,Equity,-,703750642.72,,245029,-
QMAX.U,Hamilton Technology YIELD MAXIMIZER TM ETF,Equity,-,4613961.24,,5873,-
QMVP,HAMILTON CHAMPIONS TM U.S. Technology Index ETF,Equity,-,225084875,,296431,-
QQC,Invesco NASDAQ 100 Index ETF,Equity,-,1388025600,,303243,-
QQC.F,Invesco NASDAQ 100 Index ETF,Equity,-,1255321600,,39379,-
QQCC,Global X Nasdaq-100 Covered Call ETF,Equity,-,590287116.5,,139623,-
QQCC.U,Global X Nasdaq-100 Covered Call ETF,Equity,-,437894267.3,,23907,-
QQCE,Invesco ESG NASDAQ 100 Index ETF,Equity,-,788858000,,24368,-
QQCE.F,Invesco ESG NASDAQ 100 Index ETF,Equity,-,7287500,,2174,-
QQCI,Invesco NASDAQ 100 Income Advantage ETF,Equity,-,54684000,,17867,-
QQCI.F,Invesco NASDAQ 100 Income Advantage ETF,Equity,-,959500.0000000001,,13,-
QQCI.U,Invesco NASDAQ 100 Income Advantage ETF,Equity,-,981500,,465,-
QQCL,Global X Enhanced Nasdaq-100 Covered Call ETF,Equity,-,303485785.68,,162657,-
QQD,BetaPro NASDAQ-100 -2x Daily Bear ETF,Leverage/Inverse,-,61136417.02,,1738677,-
QQD.U,BetaPro NASDAQ-100 -2x Daily Bear ETF,Leverage/Inverse,-,43881582.989999995,,820,-
QQEQ,Invesco NASDAQ 100 Equal Weight Index ETF,Equity,-,13531500,,1935,-
QQEQ.F,Invesco NASDAQ 100 Equal Weight Index ETF,Equity,-,2569000,,715,-
QQI,BetaPro Nasdaq-100 Daily Inverse ETF,Leverage/Inverse,-,4957500,,5808,-
QQJR,Invesco NASDAQ Next Gen 100 Index ETF,Equity,-,2064000,,136,-
QQJR.F,Invesco NASDAQ Next Gen 100 Index ETF,Equity,-,210000,,20,-
QQQD,MegaShort (-3X) NASDAQ-100® Daily Leveraged Alternative ETF,Leverage/Inverse,-,7012500,,114668,-
QQQL,Global X Enhanced Nasdaq-100 Index ETF,Equity,-,7012500,,2202,-
QQQQ,Mackenzie NASDAQ 100 Index ETF,Equity,-,18082750,,1953,-
QQQT,Evolve NASDAQ Technology Index Fund,Equity,-,99450000,,10870,-
QQQT.B,Evolve NASDAQ Technology Index Fund,Equity,-,8222000,,2120,-
QQQT.U,Evolve NASDAQ Technology Index Fund,Equity,-,6018000,,896,-
QQQU,MegaLong (3X) NASDAQ-100® Daily Leveraged Alternative ETF,Leverage/Inverse,-,9080500,,193303,-
QQQX,Global X Nasdaq-100 Index ETF,Equity,-,657149829.49,,19008,-
QQQX.U,Global X Nasdaq-100 Index ETF,Equity,-,483752742.55,,42173,-
QQQY,Evolve NASDAQ Technology Enhanced Yield Index Fund,Equity,-,102720000,,35887,-
QQQY.U,Evolve NASDAQ Technology Enhanced Yield Index Fund,Equity,-,950500.0000000001,,227,-
QQU,BetaPro NASDAQ-100 2x Daily Bull ETF,Leverage/Inverse,-,393791474.8,,1293525,-
QRET,Mackenzie Developed Markets Real Estate Index ETF,Equity,-,18160500,,950,-
QSB,Mackenzie Canadian Short-Term Bond Index ETF,Fixed Income,-,61950400,,6265,-
QTLT,Mackenzie US Government Long Bond Index ETF,Fixed Income,-,141048600,,1074,-
QUB,Mackenzie U.S. Aggregate Bond Index ETF (CAD-Hedged),Fixed Income,-,86453600,,4210,-
QUIG,Mackenzie US Investment Grade Corporate Bond Index ETF (CAD-Hedged),Fixed Income,-,649833600,,9540,-
QUU,Mackenzie US Large Cap Equity Index ETF,Equity,-,5180084000,,65748,-
QXM,CI Morningstar National Bank Quebec Index ETF,Equity,-,88200352.89,,1967,-
RAAA,Corton Enhanced Income Fund,Fixed Income,-,16432800,,2126,-
RATE,Arrow EC Income Advantage Alternative Fund,Fixed Income,-,109830000,,26702,-
RBCU,SavvyLong 2X RBC (RY) Equity-Linked ETF,Single Stock ETF,-,4256000,,1300,-
RBND,Russell Investments Core Plus Fixed Income ETF,Fixed Income,-,1000000,,,-
RBNK,RBC Canadian Bank Yield Index ETF,Equity,-,395477500,,211043,-
RBO,RBC 1-5 Year Laddered Canadian Corporate Bond ETF,Fixed Income,-,192495000,,47370,-
RBOT,Global X Robotics & AI Index ETF,Equity,-,64506141,,10360,-
RBOT.U,Global X Robotics & AI Index ETF,Equity,-,47563378,,1217,-
RCD,RBC Quant Canadian Dividend Leaders ETF,Equity,-,371756000,,52864,-
RCDC,RBC Canadian Dividend Covered Call ETF,Equity,-,49753500,,14482,-
RCTR,First Trust Bloomberg Nuclear Power ETF,Equity,-,1000000,,488,-
RDBH,RBC U.S. Discount Bond (CAD Hedged) ETF,Fixed Income,-,285901000,,42093,-
RDDY,Harvest Reddit Enhanced High Income Shares ETF,Single Stock ETF,-,40796000,,127115,-
REIT,Global X Equal Weight Canadian REITs Index ETF,Equity,-,2820045.1199999996,,2503,-
RGBM,Return Stacked® Global Balanced & Macro ETF,Alternative,-,29359500,,2518,-
RGBM.U,Return Stacked® Global Balanced & Macro ETF,Alternative,-,2662800,,3,-
RGIP.U,Purpose Canadian Preferred Share P2L T,-,-,-,,-,-
RGQO,RBC Target 2026 Canadian Government Bond ETF,Fixed Income,-,77108000,,20945,-
RGQP,RBC Target 2027 Canadian Government Bond ETF,Fixed Income,-,100395000,,21130,-
RGQQ,RBC Target 2028 Canadian Government Bond ETF,Fixed Income,-,78732500,,14118,-
RGQR,RBC Target 2029 Canadian Government Bond ETF,Fixed Income,-,66235000,,8480,-
RGQS,RBC Target 2030 Canadian Government Bond ETF,Fixed Income,-,97515000.00000001,,21233,-
RGQT,RBC Target 2031 Canadian Government Bond ETF,Fixed Income,-,74222000,,42128,-
RID,RBC Quant EAFE Dividend Leaders ETF,Equity,-,391902000,,71304,-
RID.U,RBC Quant EAFE Dividend Leaders ETF,Equity,-,13130000,,11449,-
RIDH,RBC Quant EAFE Dividend Leaders (CAD Hedged) ETF,Equity,-,115887750,,25640,-
RIFI,Russell Investments Fixed Income Pool,Fixed Income,-,18286000,,4713,-
RIGE,Russell Investments Global Equity Pool,Equity,-,1945500,,59,-
RIIN,Russell Investments Global Infrastructure Pool,Equity,-,67648750,,16955,-
RING,Global X Equal Weight Canadian Telecommunications Index ETF,Equity,-,464973161.67,,1309493,-
RIRA,Russell Investments Real Assets,Asset Allocation,-,6665750.000000001,,7497,-
RIT,CI Canadian REIT ETF,Equity,-,424282173,,67261,-
RKLC,Rocklinc Principled Equity ETF,Equity,-,40215000,,3312,-
RLB,RBC 1-5 Year Laddered Canadian Bond ETF,Fixed Income,-,175398000,,27388,-
RMAX,Hamilton REITs YIELD MAXIMIZER TM ETF,Fixed Income,-,133820365.14000002,,50647,-
RNCC,Global X Equal Weight Canadian Telecommunications Covered Call ETF,Equity,-,13899159.379999999,,3054,-
RNCL,Global X Enhanced Equal Weight Canadian Telecommunications Covered Call ETF,Equity,-,3230097.4299999997,,2181,-
RPD,RBC Quant European Dividend Leaders ETF,Equity,-,103008000.00000001,,16299,-
RPD.U,RBC Quant European Dividend Leaders ETF,Equity,-,6630000,,2860,-
RPDH,RBC Quant European Dividend Leaders (CAD Hedged) ETF,Equity,-,23240250,,2730,-
RPF,RBC Canadian Preferred Share ETF,Preferred Share,-,634254624,,62091,-
RQCA,Russell Investments Multi-Factor Canadian Equity Pool,Equity,-,1003999.9999999999,,7,-
RQIN,Russell Investments Multi-Factor International Equity Pool,Equity,-,1000000,,,-
RQO,RBC Target 2026 Canadian Corporate Bond Index ETF,Fixed Income,-,640371000,,198008,-
RQP,RBC Target 2027 Canadian Corporate Bond Index ETF,Fixed Income,-,836304000,,174303,-
RQQ,RBC Target 2028 Canadian Corporate Bond Index ETF,Fixed Income,-,664895000,,102335,-
RQR,RBC Target 2029 Canadian Corporate Bond Index ETF,Fixed Income,-,479818000.00000006,,96412,-
RQS,RBC Target 2030 Canadian Corporate Bond Index ETF,Fixed Income,-,347386500,,89283,-
RQT,RBC Target 2031 Canadian Corporate Bond ETF,Fixed Income,-,305473000,,84409,-
RQUS,Russell Investments Multi-Factor US Equity Pool,Equity,-,1000000,,,-
RUD,RBC Quant U.S. Dividend Leaders ETF,Equity,-,796993500,,106487,-
RUD.U,RBC Quant U.S. Dividend Leaders ETF,Equity,-,51739500,,4983,-
RUDB,RBC U.S. Discount Bond ETF,Fixed Income,-,369332250,,34472,-
RUDB.U,RBC U.S. Discount Bond ETF,Fixed Income,-,46566000,,13302,-
RUDC,RBC U.S. Dividend Covered Call ETF,Equity,-,24606750,,1467,-
RUDC.U,RBC U.S. Dividend Covered Call ETF,Equity,-,2521500,,329,-
RUDH,RBC Quant U.S. Dividend Leaders (CAD Hedged) ETF,Equity,-,225883000,,81613,-
RUQO,RBC Target 2026 U.S. Corporate Bond ETF,Fixed Income,-,17176500,,5463,-
RUQO.U,RBC Target 2026 U.S. Corporate Bond ETF,Fixed Income,-,33671000,,25577,-
RUQP,RBC Target 2027 U.S. Corporate Bond ETF,Fixed Income,-,14276249.999999998,,2256,-
RUQP.U,RBC Target 2027 U.S. Corporate Bond ETF,Fixed Income,-,23978500,,11540,-
RUQQ,RBC Target 2028 U.S. Corporate Bond ETF,Fixed Income,-,31107750,,7353,-
RUQQ.U,RBC Target 2028 U.S. Corporate Bond ETF,Fixed Income,-,13571250,,3696,-
RUQR,RBC Target 2029 U.S. Corporate Bond ETF,Fixed Income,-,20689500,,3193,-
RUQR.U,RBC Target 2029 U.S. Corporate Bond ETF,Fixed Income,-,13597500,,3745,-
RUQS,RBC Target 2030 U.S. Corporate Bond ETF,Fixed Income,-,24423750,,5597,-
RUQS.U,RBC Target 2030 U.S. Corporate Bond ETF,Fixed Income,-,42320500,,8767,-
RUQT,RBC Target 2031 U.S. Corporate Bond ETF,Fixed Income,-,2462500,,4386,-
RUQT.U,RBC Target 2031 U.S. Corporate Bond ETF,Fixed Income,-,12325000,,13605,-
RUSB,RBC Short Term U.S. Corporate Bond ETF,Equity,-,5375000,,640,-
RUSB.U,RBC Short Term U.S. Corporate Bond ETF,Equity,-,242648000,,29743,-
RUST,RBC Canadian Ultra Short Term Bond ETF,Fixed Income,-,52384500,,41181,-
RYHE,Harvest Enhanced High Income RY-Linked Shares ETF,Single Stock ETF,-,3729000,,5405,-
RYHI,Ninepoint Royal Bank HighShares ETF,Single Stock ETF,-,8541000,,3130,-
SAFE,Global X Equal Weight Canadian Insurance Index ETF,Equity,-,8857527.66,,83962,-
SAPS,SAP CDR (CAD Hedged),-,-,3142000,,25164,-
SBLG,SLGI MFS Blended Research Low Vol Global Fund,Fixed Income,-,2096000,,1322,-
SBLI,SLGI MFS Blended Research Low Vol International Fund,Fixed Income,-,2018000,,3276,-
SBT,Purpose Silver Bullion Fund,Commodity,-,86730000,,49349,-
SBT.B,Purpose Silver Bullion Fund,Commodity,-,103684092.54,,14027,-
SBT.U,Purpose Silver Bullion Fund,Commodity,-,74455282.23,,2338,-
SBUL,Ninepoint Silver Bullion Fund,Commodity,-,1294500,,1124,-
SCHN,Schneider Electric CDR (CAD Hedged),-,-,8701000,,9137,-
SCND,BetaPro -3x S&P/TSX 60 Daily Leveraged Bear Alternative ETF,Leverage/Inverse,-,3047500,,8845,-
SHHI,Ninepoint Shopify HighShares ETF,Single Stock ETF,-,23194650,,70935,-
SHLD,Global X Defence Tech Index ETF,Equity,-,264337500,,184134,-
SHPD,SavvyShort (-2X) Shopify ETF,Single Stock ETF,-,2780750,,13480,-
SHPE,Harvest Shopify Enhanced High Income Shares ETF,Single Stock ETF,-,15844000,,70786,-
SHPU,SavvyLong (2X) Shopify ETF,Single Stock ETF,-,2283750,,123715,-
SIXY,Evolve Big Six Canadian Banks UltraYield Index ETF,Equity,-,23724000,,80796,-
SKYY,First Trust Cloud Computing ETF,Equity,-,2968900,,1380,-
SLCA,Sun Life Core Advantage Credit Private Pool,Fixed Income,-,56002499.99999999,,24864,-
SLGC,Sun Life MFS Global Core Plus Bond Fund,Fixed Income,-,5948999.999999999,,4489,-
SLSC,Sun Life Crescent Specialty Credit Private Pool,Fixed Income,-,1962000,,3476,-
SLVD,BetaPro Silver -2x Daily Bear ETF,Leverage/Inverse,-,23737152.599999998,,8151363,-
SLVU,BetaPro Silver 2x Daily Bull ETF,Leverage/Inverse,-,254801270.61,,810927,-
SMAX,Hamilton U.S. Equity YIELD MAXIMIZER TM ETF,Equity,-,955530615.6,,246052,-
SMAX.U,Hamilton U.S. Equity YIELD MAXIMIZER TM ETF,Equity,-,7309256,,6868,-
SMNS,Siemens CDR (CAD Hedged),-,-,8121000,,5499,-
SMVP,HAMILTON CHAMPIONS TM U.S. Dividend Index ETF,Equity,-,20253223.64,,8117,-
SMVP.U,HAMILTON CHAMPIONS TM U.S. Dividend Index ETF,Equity,-,162894499.11,,28579,-
SNY,Sanofi CDR (CAD Hedged),-,-,3054000,,8975,-
SOFY,Harvest SoFi Enhanced High Income Shares ETF,Single Stock ETF,-,45530000,,108871,-
SOLA,Evolve Solana ETF,Cryptocurrency,-,8835000,,38301,-
SOLA.U,Evolve Solana ETF,Cryptocurrency,-,530700,,1211,-
SOLL,Purpose Solana ETF,Cryptocurrency,-,28895250,,103069,-
SOLL.B,Purpose Solana ETF,Cryptocurrency,-,5427000,,15447,-
SOLL.U,Purpose Solana ETF,Cryptocurrency,-,1352000,,625,-
SOLQ,3iQ Solana Staking ETF,Cryptocurrency,-,138586500,,232853,-
SOLQ.U,3iQ Solana Staking ETF,Cryptocurrency,-,102706500,,25076,-
SOLX,CI Galaxy Solana ETF,Cryptocurrency,-,960749.9999999999,,2184,-
SOLX.B,CI Galaxy Solana ETF,Cryptocurrency,-,19123500,,134240,-
SOLX.U,CI Galaxy Solana ETF,Cryptocurrency,-,8025000,,23951,-
SOXD,MegaShort (-3X) US Semiconductors Daily Leveraged Alternative ETF,Leverage/Inverse,-,4909125,,86630,-
SOXU,MegaLong (3X) US Semiconductors Daily Leveraged Alternative ETF,Leverage/Inverse,-,15620000,,25301,-
SPAY,Global X Short-Term U.S. Treasury Premium Yield ETF,Fixed Income,-,152252403.98000002,,56160,-
SPAY.U,Global X Short-Term U.S. Treasury Premium Yield ETF,Fixed Income,-,112126181.25,,4782,-
SPFD,Mulvihill Enhanced Split Preferred Share ETF,Preferred Share,-,28313141.22,,18792,-
SPLT,Brompton Split Corp. Preferred Share ETF,Preferred Share,-,614876910,,299713,-
SPXD,BetaPro S&P 500 -2x Daily Bear ETF,Leverage/Inverse,-,51468771.915,,535264,-
SPXI,BetaPro S&P 500 Daily Inverse ETF,Leverage/Inverse,-,25300125,,69835,-
SPXU,BetaPro S&P 500 2x Daily Bull ETF,Leverage/Inverse,-,151729515.62,,619107,-
SPYD,MegaShort (-3X) S&P 500® Daily Leveraged Alternative ETF,Leverage/Inverse,-,6830000,,25876,-
SPYU,MegaLong (3X) S&P 500® Daily Leveraged Alternative ETF,Leverage/Inverse,-,12586500,,12215,-
SQQQ,BetaPro -3x Nasdaq-100 Daily Leveraged Bear Alternative ETF,Leverage/Inverse,-,22496000,,751363,-
SRSL,BetaPro -3x Russell 2000 Daily Leveraged Bear Alternative ETF,Leverage/Inverse,-,4087500.0000000005,,3447,-
SSPX,BetaPro -3x S&P 500 Daily Leveraged Bear Alternative ETF,Leverage/Inverse,-,3697500,,29352,-
STPL,BMO Global Consumer Staples Hedged to CAD Index ETF,Equity,-,34811685,,15442,-
SUHE,Harvest Suncor Enhanced High Income Shares ETF,Single Stock ETF,-,2976750.0000000005,,5965,-
SUHI,Ninepoint Suncor HighShares ETF,Single Stock ETF,-,11071200,,3250,-
SVR,iShares Silver Bullion ETF,Commodity,-,637650000,,941733,-
SVR.C,iShares Silver Bullion ETF,Commodity,-,172080000,,90499,-
SWIN,HAMILTON CHAMPIONS TM Enhanced U.S. Dividend ETF,Equity,-,6757122.96,,2915,-
SYLD,Purpose Strategic Yield Fund,Fixed Income,-,152460000,,51892,-
TBAL,TD Balanced ETF Portfolio,Asset Allocation,-,276007500,,132731,-
TBCF,TD Target 2026 Investment Grade Bond ETF,Fixed Income,-,145894400,,22391,-
TBCG,TD Target 2027 Investment Grade Bond ETF,Fixed Income,-,226524000,,37601,-
TBCH,TD Target 2028 Investment Grade Bond ETF,Fixed Income,-,68795600,,11065,-
TBCI,TD Target 2029 Investment Grade Bond ETF,Fixed Income,-,29707600,,9154,-
TBCJ,TD Target 2030 Investment Grade Bond ETF,Fixed Income,-,45601600,,25999,-
TBIL,Harvest Canadian T-Bill ETF,Fixed Income,-,126325750,,190764,-
TBNK,TD Canadian Bank Dividend Index ETF,Equity,-,281030400,,124621,-
TBUF.U,TD Target 2026 U.S. Investment Grade Bond ETF,Fixed Income,-,25284000,,6336,-
TBUG.U,TD Target 2027 U.S. Investment Grade Bond ETF,Fixed Income,-,48060800,,4765,-
TCLB,TD Canadian Long Term Federal Bond ETF,Fixed Income,-,340337695.56,,12276,-
TCLV,TD Q Canadian Low Volatility ETF,Equity,-,102144000,,24771,-
TCND,BetaPro 3x S&P/TSX 60 Daily Leveraged Bull Alternative ETF,Leverage/Inverse,-,7527500,,8648,-
TCON,TD Conservative ETF Portfolio,Asset Allocation,-,106108500,,53417,-
TCSB,TD Select Short Term Corporate Bond Ladder ETF,Fixed Income,-,662977000,,257688,-
TCSH,TD Cash Management ETF,Cash/Currency,-,764458400,,264144,-
TDB,TD Canadian Aggregate Bond Index ETF,Fixed Income,-,3352634530.71,,968664,-
TDHE,Harvest Enhanced High Income TD-Linked Shares ETF,Single Stock ETF,-,3354750,,5083,-
TDHI,Ninepoint TD HighShares ETF,Single Stock ETF,-,10048800,,919,-
TDNA,TD North American Dividend Fund,Equity,-,35793400,,14252,-
TDOC,TD Global Healthcare Leaders Index ETF,Equity,-,102025000,,22986,-
TDOC.U,TD Global Healthcare Leaders Index ETF,Equity,-,2181000,,466,-
TDU,SavvyLong 2X TDB (TD) Equity-Linked ETF,Single Stock ETF,-,1292000,,2029,-
TEC,TD Global Technology Leaders Index ETF,Equity,-,3709449800,,350979,-
TEC.U,TD Global Technology Leaders Index ETF,Equity,-,19910000,,3128,-
TECH,Evolve FANGMA Index ETF,Equity,-,99650685,,191837,-
TECH.B,Evolve FANGMA Index ETF,Equity,-,18568000,,7309,-
TECH.U,Evolve FANGMA Index ETF,Equity,-,3882394,,4624,-
TECI,TD Global Technology Innovators Index ETF,Equity,-,13320000,,9597,-
TECX,TD Global Technology Leaders CAD Hedged Index ETF,Equity,-,11469500.000000002,,3362,-
TEHE,Harvest TELUS Enhanced High Income Shares ETF,Single Stock ETF,-,6095250,,10858,-
TEQT,TD All-Equity ETF Portfolio,Equity,-,54672000.00000001,,38635,-
TERM,Manulife Smart Short-Term Bond ETF,Fixed Income,-,599633750,,546676,-
TERP,TRU.X Exogenous Risk Pool,Equity,-,4807000,,4338,-
TERP.U,TRU.X Exogenous Risk Pool,Equity,-,3514400,,1332,-
TGAF,Tralucent Global Alt (Long/Short) Equity Fund,Alternative,-,28404450,,4317,-
TGED,TD Active Global Enhanced Dividend ETF,Equity,-,1434433000,,195690,-
TGED.U,TD Active Global Enhanced Dividend ETF,Equity,-,64141500,,19452,-
TGEX,TD Active Global Enhanced Dividend CAD Hedged ETF,-,-,-,,-,-
TGFI,TD Active Global Income ETF,Fixed Income,-,345085750,,62081,-
TGGR,TD Active Global Equity Growth ETF,Equity,-,41734000,,6391,-
TGRE,TD Active Global Real Estate Equity ETF,Equity,-,94667668.65,,24145,-
TGRO,TD Growth ETF Portfolio,Asset Allocation,-,327672000,,104112,-
THE,TD International Equity CAD Hedged Index ETF,Equity,-,217686000,,63750,-
THU,TD U.S. Equity CAD Hedged Index ETF,Equity,-,139065000,,11120,-
TILV,TD Q International Low Volatility ETF,Equity,-,113904000,,53849,-
TINF,TD Active Global Infrastructure Equity ETF,Equity,-,338352000,,90221,-
TKN,Ninepoint Crypto and AI Leaders ETF,Equity,-,22990144.259999998,,3907,-
TKN.U,Ninepoint Crypto and AI Leaders ETF,Equity,-,17532511.68,,1418,-
TLF,Brompton Tech Leaders Income ETF,Equity,-,124011762.34,,8505,-
TLF.U,Brompton Tech Leaders Income ETF,Equity,-,3203500,,860,-
TLTX,Global X 20+ Year U.S. Treasury Bond Index ETF,Fixed Income,-,2485549.71,,276,-
TLTX.F,Global X 20+ Year U.S. Treasury Bond Index ETF,Fixed Income,-,4974049.74,,646,-
TLTX.U,Global X 20+ Year U.S. Treasury Bond Index ETF,Fixed Income,-,43557549.78,,8453,-
TLV,Invesco S&P/TSX Composite Low Volatility Index ETF,Equity,-,94860000,,6755,-
TOKN,Global X Tokenization Ecosystem Index ETF,Equity,-,1858018.5799999998,,591,-
TPE,TD International Equity Index ETF,Equity,-,4429986059.35,,595147,-
TPRF,TD Active Preferred Share ETF,Preferred Share,-,415763812.5,,87615,-
TPU,TD U.S. Equity Index ETF,Equity,-,4605910346.900001,,294278,-
TPU.U,TD U.S. Equity Index ETF,Equity,-,46577976.74,,4667,-
TQCD,TD Q Canadian Dividend ETF,Equity,-,2409588000,,734772,-
TQGD,TD Q Global Dividend ETF,Equity,-,643692000,,213130,-
TQGM,TD Q Global Multifactor ETF,Equity,-,877656000,,293605,-
TQQQ,BetaPro 3x Nasdaq-100 Daily Leveraged Bull Alternative ETF,Leverage/Inverse,-,88056000,,1180135,-
TQSM,TD Q U.S. Small-Mid-Cap Equity ETF,Equity,-,697502000,,218307,-
TQSM.U,TD Q U.S. Small-Mid-Cap Equity ETF,Equity,-,5402000,,2011,-
TRSL,BetaPro 3x Russell 2000 Daily Leveraged Bull Alternative ETF,Leverage/Inverse,-,4147999.9999999995,,8672,-
TRVI,Harvest Travel & Leisure Income ETF,Equity,-,49774749.99999999,,1534,-
TRVL,Harvest Travel & Leisure Index ETF,Equity,-,38354750,,2901,-
TRVL.U,Harvest Travel & Leisure Index ETF,Equity,-,2211000,,130,-
TSLD,SavvyShort (-2X) TSLA ETF,Single Stock ETF,-,1977500.0000000002,,55088,-
TSLU,SavvyLong (2X) TSLA ETF,Single Stock ETF,-,8331999.999999999,,61269,-
TSLY,Harvest Tesla Enhanced High Income Shares ETF,Single Stock ETF,-,238978125,,505160,-
TSPX,BetaPro 3x S&P 500 Daily Leveraged Bull Alternative ETF,Leverage/Inverse,-,8736000,,48334,-
TSTX,Global X 1-3 Year U.S. Treasury Bond Index ETF,Fixed Income,-,2466549.33,,140,-
TSTX.F,Global X 1-3 Year U.S. Treasury Bond Index ETF,Fixed Income,-,6221299.7700000005,,228,-
TSTX.U,Global X 1-3 Year U.S. Treasury Bond Index ETF,Fixed Income,-,33750050,,1196,-
TTES,TotalEnergies CDR (CAD Hedged),-,-,1420000,,537,-
TTP,TD Canadian Equity Index ETF,Equity,-,5367719966.13,,648093,-
TTTX,Global X Innovative Bluechip Top 10 Index ETF,Equity,-,5522000,,250,-
TUED,TD Active U.S. Enhanced Dividend ETF,Equity,-,585882000,,61989,-
TUED.U,TD Active U.S. Enhanced Dividend ETF,Equity,-,43056000,,4572,-
TUEX,TD Active U.S. Enhanced Dividend CAD Hedged ETF,Equity,-,11568000,,4883,-
TUHY,TD Active U.S. High Yield Bond ETF,Fixed Income,-,471782249.99999994,,86092,-
TULB,TD U.S. Long Term Treasury Bond ETF,Fixed Income,-,180477900,,17160,-
TULV,TD Q U.S. Low Volatility ETF,Equity,-,65688000,,9096,-
TUSB,TD Select U.S. Short Term Corporate Bond Ladder ETF,Fixed Income,-,49032250,,24363,-
TUSB.U,TD Select U.S. Short Term Corporate Bond Ladder ETF,Fixed Income,-,6078000.000000001,,3088,-
TUSD.U,TD U.S. Cash Management ETF,Cash/Currency,-,40024000,,18884,-
TXF,CI Tech Giants Covered Call ETF,Equity,-,706221934,,153362,-
TXF.B,CI Tech Giants Covered Call ETF,Equity,-,77797500,,5566,-
TXF.U,CI Tech Giants Covered Call ETF,Equity,-,14304000,,3923,-
UBIL.U,Global X 0-3 Month U.S. T-Bill ETF,Cash/Currency,-,458691949.79999995,,163015,-
UBNK,Global X Equal Weight U.S. Banks Index ETF,Equity,-,6890110.239999999,,2304,-
UBSS,UBS CDR (CAD Hedged),-,-,1194000,,296,-
UCSH.U,Global X USD High Interest Savings ETF,Fixed Income,-,401332714.055,,405235,-
UDA,Caldwell U.S. Dividend Advantage Fund,Equity,-,1632000,,417,-
UDEF,Manulife Smart U.S. Defensive Equity ETF,Equity,-,2772500,,1796,-
UDEF.B,Manulife Smart U.S. Defensive Equity ETF,Equity,-,3062500,,0,-
UDEF.U,Manulife Smart U.S. Defensive Equity ETF,Equity,-,1562500,,0,-
UDIV,Manulife Smart U.S. Dividend ETF,Equity,-,79920000,,17211,-
UDIV.B,Manulife Smart U.S. Dividend ETF,Equity,-,159799500,,35475,-
UDIV.U,Manulife Smart U.S. Dividend ETF,Equity,-,7546000,,512,-
ULV.C,Invesco S&P 500 Low Volatility Index ETF,Equity,-,22856700,,2429,-
ULV.F,Invesco S&P 500 Low Volatility Index ETF,Equity,-,85408000,,3657,-
ULV.U,Invesco S&P 500 Low Volatility Index ETF,Equity,-,4575450,,602,-
UMAX,Hamilton Utilities YIELD MAXIMIZER TM ETF,Equity,-,1191900801.9,,863045,-
UMI,CI U.S. MidCap Dividend Index ETF,Equity,-,8563232.64,,614,-
UMI.B,CI U.S. MidCap Dividend Index ETF,Equity,-,6772500,,85,-
UMNY.U,CI U.S. Money Market ETF,Cash/Currency,-,20032000,,8065,-
UMRT,Global X Equal Weight U.S. Groceries & Staples Index ETF,Equity,-,1707000.0000000002,,583,-
UMVP,HAMILTON CHAMPIONS TM Utilities Index ETF,Equity,-,268892875,,300676,-
USCC,Global X S&P 500 Covered Call ETF,Equity,-,517501882.54999995,,65945,-
USCC.U,Global X S&P 500 Covered Call ETF,Equity,-,380492245.76,,11960,-
USCL,Global X Enhanced S&P 500 Covered Call ETF,Equity,-,239207906.1,,146098,-
USSL,Global X Enhanced S&P 500 Index ETF,Equity,-,7980000,,1426,-
USSX,Global X S&P 500 Index ETF,Equity,-,731220000,,50142,-
USSX.U,Global X S&P 500 Index ETF,Equity,-,538020000,,75556,-
UTES,Evolve Canadian Utilities Enhanced Yield Index Fund,Equity,-,309923500,,474313,-
UTIL,Global X Equal Weight Canadian Utilities Index ETF,Equity,-,34108757.56,,6204,-
VA,Vanguard FTSE Developed Asia Pacific All Cap Index ETF,Equity,-,246757835.5,,97745,-
VAB,Vanguard Canadian Aggregate Bond Index ETF,Fixed Income,-,6941644000,,853254,-
VALT,CI Gold Bullion ETF,Commodity,-,241336000,,37573,-
VALT.B,CI Gold Bullion ETF,Commodity,-,118725300.00000001,,12290,-
VALT.U,CI Gold Bullion ETF,Commodity,-,232414000,,45058,-
VBAL,Vanguard Balanced ETF Portfolio,Asset Allocation,-,4809081600,,564704,-
VCB,Vanguard Canadian Corporate Bond Index ETF,Fixed Income,-,768884428.6899999,,364867,-
VCE,Vanguard FTSE Canada Index ETF,Equity,-,3182172708,,183559,-
VCIP,Vanguard Conservative Income ETF Portfolio,Asset Allocation,-,255565464,,45396,-
VCN,Vanguard FTSE Canada All Cap Index ETF,Equity,-,14301628320.000002,,639484,-
VCNS,Vanguard Conservative ETF Portfolio,Asset Allocation,-,809819055,,135970,-
VDU,Vanguard FTSE Developed All Cap Ex U.S. Index ETF,Equity,-,737833096,,98596,-
VDY,Vanguard FTSE Canadian High Dividend Yield Index ETF,Equity,-,6560238720,,723696,-
VE,Vanguard FTSE Developed Europe All Cap Index ETF,Equity,-,590690185.5,,119772,-
VEE,Vanguard FTSE Emerging Markets All Cap Index ETF,Equity,-,3563014372.5,,350300,-
VEF,Vanguard FTSE Developed All Cap Ex U.S. Index ETF (CAD-hedged),Equity,-,1107740550,,62676,-
VEQT,Vanguard All-Equity ETF Portfolio,Asset Allocation,-,11857843480,,1460960,-
VFV,Vanguard S&P 500 Index ETF,Equity,-,27744528000,,957169,-
VGG,Vanguard U.S. Dividend Appreciation Index ETF,Equity,-,2272853430,,84996,-
VGH,Vanguard U.S. Dividend Appreciation Index ETF (CAD-hedged),Equity,-,939334220.0000001,,35659,-
VGRO,Vanguard Growth ETF Portfolio,Asset Allocation,-,8950679361,,670249,-
VGV,Vanguard Canadian Government Bond Index ETF,Fixed Income,-,158401000,,40717,-
VI,Vanguard FTSE Developed All Cap ex North America Index ETF (CAD-Hedged),Equity,-,762112250,,118624,-
VIDY,Vanguard FTSE Developed ex North America High Dividend Yield Index ETF,Equity,-,1598192680,,511567,-
VIU,Vanguard FTSE Developed All Cap ex North America Index ETF,Equity,-,8883161361,,1162153,-
VLB,Vanguard Canadian Long-Term Bond Index ETF,Fixed Income,-,297112900,,66340,-
VMO,Vanguard Global Momentum Factor ETF,Equity,-,347182000,,77249,-
VOLX,BetaPro S&P 500 VIX Short-Term Futures ETF,Leverage/Inverse,-,32899426.56,,355501,-
VRE,Vanguard FTSE Canadian Capped REIT Index ETF,Equity,-,276486000,,26996,-
VRIF,Vanguard Retirement Income ETF Portfolio,Asset Allocation,-,331919700,,61834,-
VSB,Vanguard Canadian Short-Term Bond Index ETF,Fixed Income,-,1638000000,,966953,-
VSC,Vanguard Canadian Short-Term Corporate Bond Index ETF,Fixed Income,-,1419878000,,343362,-
VSP,Vanguard S&P 500 Index ETF (CAD-hedged),Equity,-,5325848584,,210248,-
VUN,Vanguard U.S. Total Market Index ETF,Equity,-,15066243897,,171374,-
VUS,Vanguard U.S. Total Market Index ETF (CAD-hedged),Equity,-,1259505962,,66195,-
VVL,Vanguard Global Value Factor ETF,Equity,-,682818000,,104270,-
VVO,Vanguard Global Minimum Volatility ETF,Equity,-,39187500,,2816,-
VVSG,Vanguard Canadian Ultra-Short Government Bond Index ETF,Fixed Income,-,137149250,,27830,-
VXC,Vanguard FTSE Global All Cap ex Canada Index ETF,Equity,-,2969098229,,155431,-
VXM,CI Morningstar International Value Index ETF,Equity,-,655306221.4399999,,172011,-
VXM.B,CI Morningstar International Value Index ETF,Equity,-,491837829.64,,87633,-
WAAV,WaveFront All-Weather Alternative Fund,Alternative,-,2363900,,2290,-
WSRD,Wealthsimple Developed Markets ex North America Socially Responsible Index ETF,Equity,-,947767000,,51455,-
WSRI,Wealthsimple North America Socially Responsible Index ETF,Equity,-,989422000,,33808,-
WXM,CI Morningstar Canada Momentum Index ETF,Equity,-,1431210533.6999998,,410056,-
XAD,iShares U.S. Aerospace & Defense Index ETF,Equity,-,177287200,,28507,-
XAGG,iShares U.S. Aggregate Bond Index ETF,Fixed Income,-,49002750,,7878,-
XAGG.U,iShares U.S. Aggregate Bond Index ETF,Fixed Income,-,19652800,,7000,-
XAGH,iShares U.S. Aggregate Bond Index ETF (CAD-Hedged),Fixed Income,-,403412199.99999994,,47026,-
XAW,iShares Core MSCI All Country World ex Canada Index ETF,Equity,-,3726960000,,313145,-
XAW.U,iShares Core MSCI All Country World ex Canada Index ETF,Equity,-,16150000,,1741,-
XBAL,iShares Core Balanced ETF Portfolio,Asset Allocation,-,2855139500,,389928,-
XBB,iShares Core Canadian Universe Bond Index ETF,Fixed Income,-,9774512000,,1971358,-
XBM,iShares S&P/TSX Global Base Metals Index ETF,Equity,-,508865000,,373603,-
XCB,iShares Core Canadian Corporate Bond Index ETF,Fixed Income,-,3069378000,,796445,-
XCBG,iShares ESG Advanced Canadian Corporate Bond Index ETF,Fixed Income,-,103949999.99999999,,6063,-
XCBU,iShares U.S. IG Corporate Bond Index ETF,Fixed Income,-,5702400,,4929,-
XCBU.U,iShares U.S. IG Corporate Bond Index ETF,Fixed Income,-,4602500,,1422,-
XCD,iShares S&P Global Consumer Discretionary Index ETF (CAD-Hedged),Equity,-,54083500,,4492,-
XCG,iShares Canadian Growth Index ETF,Equity,-,158883500,,14990,-
XCH,iShares China Index ETF,Equity,-,185955000,,97310,-
XCHP,iShares Semiconductor Index ETF,Equity,-,86970600,,34711,-
XCLN,iShares Global Clean Energy Index ETF,Equity,-,17739000,,3029,-
XCNS,iShares Core Conservative Balanced ETF Portfolio,Asset Allocation,-,357151000,,75798,-
XCS,iShares S&P/TSX SmallCap Index ETF,Equity,-,239291999.99999997,,289296,-
XCSR,iShares ESG Advanced MSCI Canada Index ETF,Equity,-,455689250,,24830,-
XCV,iShares Canadian Value Index ETF,Equity,-,125442000,,9272,-
XDG,iShares Core MSCI Global Quality Dividend Index ETF,Equity,-,649269000,,136743,-
XDG.U,iShares Core MSCI Global Quality Dividend Index ETF,Equity,-,12358500,,4537,-
XDGH,iShares Core MSCI Global Quality Dividend Index ETF (CAD-Hedged),Equity,-,151443750,,14110,-
XDIV,iShares Core MSCI Canadian Quality Dividend Index ETF,Equity,-,4297052000,,717301,-
XDNA,iShares Genomics Immunology and Healthcare Index ETF,Equity,-,6189000,,1276,-
XDRV,iShares Global Electric and Autonomous Vehicles Index ETF,Equity,-,5627500,,143,-
XDSR,iShares ESG Advanced MSCI EAFE Index ETF,Equity,-,297396000,,12968,-
XDU,iShares Core MSCI US Quality Dividend Index ETF,Equity,-,263291250,,31374,-
XDU.U,iShares Core MSCI US Quality Dividend Index ETF,Equity,-,20792000,,5114,-
XDUH,iShares Core MSCI US Quality Dividend Index ETF (CAD-Hedged),Equity,-,91800000,,26407,-
XDV,iShares Canadian Select Dividend Index ETF,Equity,-,2280448000,,160134,-
XEB,iShares J.P. Morgan USD Emerging Markets Bond Index ETF (CAD-Hedged),Fixed Income,-,35496000,,22758,-
XEC,iShares Core MSCI Emerging Markets IMI Index ETF,Equity,-,3556512000,,968052,-
XEC.U,iShares Core MSCI Emerging Markets IMI Index ETF,Equity,-,7050000,,4901,-
XEF,iShares Core MSCI EAFE IMI Index ETF,Equity,-,18544042000,,1912251,-
XEF.U,iShares Core MSCI EAFE IMI Index ETF,Equity,-,96768000,,13428,-
XEG,iShares S&P/TSX Capped Energy Index ETF,Equity,-,1980300000,,6640506,-
XEH,iShares MSCI Europe IMI Index ETF (CAD-Hedged),Equity,-,273816000,,25276,-
XEI,iShares S&P/TSX Composite High Dividend Index ETF,Equity,-,3404049000,,621746,-
XEM,iShares MSCI Emerging Markets Index ETF,Equity,-,317238000,,111194,-
XEMC,iShares MSCI Emerging Markets ex China Index ETF,Equity,-,83748300,,46088,-
XEN,iShares Jantzi Social Index ETF,Equity,-,165792000,,6667,-
XEQT,iShares Core Equity ETF Portfolio,Asset Allocation,-,14563862000,,2821298,-
XESG,iShares ESG Aware MSCI Canada Index ETF,Equity,-,591180000,,39731,-
XETM,iShares S&P/TSX Energy Transition Materials Index ETF,Equity,-,54537000,,49203,-
XEU,iShares MSCI Europe IMI Index ETF,Equity,-,620176000,,80509,-
XEXP,iShares Exponential Technologies Index ETF,Equity,-,34430000,,1245,-
XFH,iShares Core MSCI EAFE IMI Index ETF (CAD-Hedged),Equity,-,2664368750,,284893,-
XFLB,iShares Core Canadian 15+ Year Federal Bond Index ETF,Fixed Income,-,53580000,,3058,-
XFLI,iShares Flexible Monthly Income ETF,Fixed Income,-,463149500,,33272,-
XFLI.U,iShares Flexible Monthly Income ETF,Fixed Income,-,9242100,,1644,-
XFLX,iShares Flexible Monthly Income ETF (CAD-Hedged),Fixed Income,-,352374600,,119490,-
XFN,iShares S&P/TSX Capped Financials Index ETF,Equity,-,1948672000,,398428,-
XFR,iShares Floating Rate Index ETF,Fixed Income,-,725086000,,238981,-
XGB,iShares Core Canadian Government Bond Index ETF,Fixed Income,-,2006731999.9999998,,480394,-
XGD,iShares S&P/TSX Global Gold Index ETF,Equity,-,4462504000,,1908800,-
XGI,iShares S&P Global Industrials Index ETF(CAD-Hedged),Equity,-,160312500,,24289,-
XGRO,iShares Core Growth ETF Portfolio,Asset Allocation,-,4270253750,,387872,-
XHAK,iShares Cybersecurity and Tech Index ETF,Equity,-,20137500,,2603,-
XHB,iShares Canadian HYBrid Corporate Bond Index ETF,Fixed Income,-,226659500,,55924,-
XHC,iShares Global Healthcare Index ETF (CAD-Hedged),Equity,-,544633000,,47079,-
XHD,iShares U.S. High Dividend Equity Index ETF (CAD-Hedged),Equity,-,222243000,,21293,-
XHU,iShares U.S. High Dividend Equity Index ETF,Equity,-,175874000,,8184,-
XHY,iShares U.S. High Yield Bond Index ETF (CAD-Hedged),Fixed Income,-,1050516000.0000001,,345155,-
XIC,iShares Core S&P/TSX Capped Composite Index ETF,Equity,-,25766324000,,4125471,-
XID,iShares India Index ETF,Equity,-,133160500.00000001,,28641,-
XIG,iShares U.S. IG Corporate Bond Index ETF (CAD-Hedged),Fixed Income,-,292522000,,72454,-
XIGS,iShares 1-5 Year U.S. IG Corporate Bond Index ETF (CAD-Hedged),Fixed Income,-,575654875,,149928,-
XIN,iShares MSCI EAFE Index ETF (CAD-Hedged),Equity,-,1762897500,,169183,-
XINC,iShares Core Income Balanced ETF Portfolio,Asset Allocation,-,120593750,,49343,-
XIT,iShares S&P/TSX Capped Information Technology Index ETF,Equity,-,700341999.9999999,,103797,-
XIU,iShares S&P/TSX 60 Index ETF,Equity,-,21006628000,,12818532,-
XLB,iShares Core Canadian Long Term Bond Index ETF,Fixed Income,-,824064000,,234520,-
XMA,iShares S&P/TSX Capped Materials Index ETF,Equity,-,732900000,,487637,-
XMC,iShares S&P U.S. Mid-Cap Index ETF,Equity,-,610772000,,138460,-
XMC.U,iShares S&P U.S. Mid-Cap Index ETF,Equity,-,25165500,,13392,-
XMD,iShares S&P/TSX Completion Index ETF,Equity,-,702600000,,141451,-
XMH,iShares S&P U.S. Mid-Cap Index ETF (CAD-Hedged),Equity,-,450441000,,144752,-
XMI,iShares MSCI Min Vol EAFE Index ETF,Equity,-,175837500,,12155,-
XML,iShares MSCI Min Vol EAFE Index ETF (CAD-Hedged),Equity,-,39408000.00000001,,6794,-
XMM,iShares MSCI Min Vol Emerging Markets Index ETF,Equity,-,97123000,,14668,-
XMS,iShares MSCI Min Vol USA Index ETF (CAD-Hedged),Equity,-,64515000,,3125,-
XMTM,iShares MSCI USA Momentum Factor Index ETF,Equity,-,20672100,,14591,-
XMU,iShares MSCI Min Vol USA Index ETF,Equity,-,374340000,,13582,-
XMU.U,iShares MSCI Min Vol USA Index ETF,Equity,-,4856250,,335,-
XMV,iShares MSCI Min Vol Canada Index ETF,Equity,-,389559500,,17826,-
XMW,iShares MSCI Min Vol Global Index ETF,Equity,-,192654000,,9143,-
XMY,iShares MSCI Min Vol Global Index ETF (CAD-Hedged),Equity,-,21443750,,1761,-
XPF,iShares S&P/TSX North American Preferred Stock Index ETF (CAD-Hedged),Preferred Share,-,238792000,,22572,-
XQB,iShares High Quality Canadian Bond Index ETF,Fixed Income,-,523020000,,107213,-
XQLT,iShares MSCI USA Quality Factor Index ETF,Equity,-,213444000,,65903,-
XQQ,iShares NASDAQ 100 Index ETF (CAD-Hedged),Equity,-,4335214500,,639578,-
XQQU,iShares NASDAQ 100 Index ETF,Equity,-,147445000,,29042,-
XQQU.U,iShares NASDAQ 100 Index ETF,Equity,-,14157600,,13553,-
XRB,iShares Canadian Real Return Bond Index ETF,Fixed Income,-,254301000,,26996,-
XRE,iShares S&P/TSX Capped REIT Index ETF,Equity,-,1108614000,,1303234,-
XRP,Evolve XRP ETF,Cryptocurrency,-,34428000,,131716,-
XRP.U,Evolve XRP ETF,Cryptocurrency,-,888720,,3517,-
XRPP,Purpose XRP ETF,Cryptocurrency,-,53618125,,147546,-
XRPP.B,Purpose XRP ETF,Cryptocurrency,-,16885000,,38570,-
XRPP.U,Purpose XRP ETF,Cryptocurrency,-,3779125,,7057,-
XRPQ,3iQ XRP ETF,Cryptocurrency,-,87675749.99999999,,137967,-
XRPQ.U,3iQ XRP ETF,Cryptocurrency,-,64421250,,23263,-
XSAB,iShares ESG Aware Canadian Aggregate Bond Index ETF,Fixed Income,-,231423999.99999997,,43088,-
XSB,iShares Core Canadian Short Term Bond Index ETF,Fixed Income,-,3723176000,,766640,-
XSC,iShares Conservative Short Term Strategic Fixed Income ETF,Fixed Income,-,65619500,,10532,-
XSE,iShares Conservative Strategic Fixed Income ETF,Fixed Income,-,69108000,,12026,-
XSEA,iShares ESG Aware MSCI EAFE Index ETF,Equity,-,319188000,,28459,-
XSEM,iShares ESG Aware MSCI Emerging Markets Index ETF,Equity,-,4980186750,,381444,-
XSH,iShares Core Canadian Short Term Corporate Bond Index ETF,Fixed Income,-,2385511000,,479361,-
XSHG,iShares ESG Advanced 1-5 Year Canadian Corporate Bond Index ETF,Fixed Income,-,45367500,,3747,-
XSHU,iShares 1-5 Year U.S. IG Corporate Bond Index ETF,Fixed Income,-,23562000.000000004,,13257,-
XSHU.U,iShares 1-5 Year U.S. IG Corporate Bond Index ETF,Fixed Income,-,9351000,,2696,-
XSI,iShares Short Term Strategic Fixed Income ETF,Fixed Income,-,45549000,,10149,-
XSMB,iShares Core Canadian Short-Mid Term Universe Bond Index ETF,Fixed Income,-,10072500,,364,-
XSMC,iShares S&P U.S. Small-Cap Index ETF,Equity,-,80027599.99999999,,63264,-
XSMH,iShares S&P U.S. Small-Cap Index ETF (CAD-Hedged),Equity,-,83939900,,95137,-
XSP,iShares Core S&P 500 Index ETF (CAD-Hedged),Equity,-,13658342500,,841674,-
XSPC,iShares S&P 500 3% Capped Index ETF (CAD-Hedged),Equity,-,410393500,,54543,-
XST,iShares S&P/TSX Capped Consumer Staples Index ETF,Equity,-,377928000,,95496,-
XSTB,iShares ESG Aware Canadian Short Term Bond Index ETF,Fixed Income,-,139020000,,17968,-
XSTH,iShares 0-5 Year TIPS Bond Index ETF (CAD-Hedged),Fixed Income,-,2282529600,,1632204,-
XSTP,iShares 0-5 Year TIPS Bond Index ETF,Fixed Income,-,115034550,,16317,-
XSTP.U,iShares 0-5 Year TIPS Bond Index ETF,Fixed Income,-,11145600,,2112,-
XSU,iShares U.S. Small Cap Index ETF (CAD-Hedged),Equity,-,688775500,,198166,-
XSUS,iShares ESG Aware MSCI USA Index ETF,Equity,-,648540000,,84822,-
XTLH,iShares 20+ Year U.S. Treasury Bond Index ETF (CAD-Hedged),Fixed Income,-,296509200,,130152,-
XTLT,iShares 20+ Year U.S. Treasury Bond Index ETF,Fixed Income,-,72143600,,76400,-
XTLT.U,iShares 20+ Year U.S. Treasury Bond Index ETF,Fixed Income,-,5652000,,1721,-
XTOH,iShares Core S&P Total U.S. Stock Market Index ETF (CAD-Hedged),Equity,-,1132000,,289,-
XTOT,iShares Core S&P Total U.S. Stock Market Index ETF,Equity,-,3448483200.0000005,,481063,-
XTOT.U,iShares Core S&P Total U.S. Stock Market Index ETF,Equity,-,1509300,,56,-
XTR,iShares Diversified Monthly Income ETF,Asset Allocation,-,367752000,,53692,-
XUH,iShares Core S&P U.S. Total Market Index ETF (CAD-Hedged),Equity,-,455750750,,36598,-
XUS,iShares Core S&P 500 Index ETF,Equity,-,10461528000,,564727,-
XUS.U,iShares Core S&P 500 Index ETF,Equity,-,312724000,,28894,-
XUSC,iShares S&P 500 3% Capped Index ETF,Equity,-,223086500,,28842,-
XUSC.U,iShares S&P 500 3% Capped Index ETF,Equity,-,19120500,,16514,-
XUSF,iShares S&P U.S. Financials Index ETF,Equity,-,51694999.99999999,,5620,-
XUSR,iShares ESG Advanced MSCI USA Index ETF,Equity,-,408333750,,6048,-
XUT,iShares S&P/TSX Capped Utilities Index ETF,Equity,-,358904000,,535337,-
XUU,iShares Core S&P U.S. Total Market Index ETF,Equity,-,3934398500,,157541,-
XUU.U,iShares Core S&P U.S. Total Market Index ETF,Equity,-,90593000,,30234,-
XVLU,iShares MSCI USA Value Factor Index ETF,Equity,-,62024850.00000001,,60842,-
XWD,iShares MSCI World Index ETF,Equity,-,1448901250,,128973,-
ZACE,BMO U.S. All Cap Equity Fund,Equity,-,55712800,,2635,-
ZAG,BMO Aggregate Bond Index ETF,Fixed Income,-,12174623399.38,,3985022,-
ZBAL,BMO Balanced ETF,Asset Allocation,-,499858480,,198550,-
ZBAL.T,BMO Balanced ETF,Asset Allocation,-,89265000,,47874,-
ZBBB,BMO BBB Corporate Bond Index ETF,Fixed Income,-,36154620,,8026,-
ZBI,BMO Canadian Bank Income Index ETF,Equity,-,154850030.97,,90488,-
ZBK,BMO Equal Weight US Banks Index ETF,Equity,-,657261536,,203205,-
ZCB,BMO Corporate Bond Index ETF,Fixed Income,-,1816892000,,93770,-
ZCDB,BMO Corporate Discount Bond ETF,Fixed Income,-,57539731.65,,6379,-
ZCH,BMO MSCI China Selection Equity Index ETF,Equity,-,127015527.03999999,,68550,-
ZCLN,BMO Clean Energy Index ETF,Equity,-,64359899.99999999,,21948,-
ZCM,BMO Mid Corporate Bond Index ETF,Fixed Income,-,1285164862.8,,378610,-
ZCN,BMO S&P/TSX Capped Composite Index ETF,Equity,-,14996972413.08,,1099613,-
ZCON,BMO Conservative ETF,Asset Allocation,-,89594820,,51730,-
ZCS,BMO Short Corporate Bond Index ETF,Fixed Income,-,4169556672.96,,1630729,-
ZCS.L,BMO Short Corporate Bond Index ETF,Fixed Income,-,43540400,,10626,-
ZDB,BMO Discount Bond Index ETF,Fixed Income,-,1194914445,,275256,-
ZDH,BMO International Dividend Hedged to CAD ETF,Equity,-,226083000,,26105,-
ZDI,BMO International Dividend ETF,Equity,-,798831264,,136133,-
ZDIV,BMO MSCI Canada IMI High Dividend Yield Index ETF,Equity,-,3180031.8000000003,,1285,-
ZDJ,BMO Dow Jones Industrial Average Hedged to CAD Index ETF,Equity,-,405265675.92,,46243,-
ZDM,BMO MSCI EAFE Hedged to CAD Index ETF,Equity,-,1649559766,,158802,-
ZDV,BMO Canadian Dividend ETF,Equity,-,1591920000,,208760,-
ZDY,BMO US Dividend ETF,Equity,-,768174260,,42921,-
ZDY.U,BMO US Dividend ETF,Equity,-,42161500,,1002,-
ZEA,BMO MSCI EAFE Index ETF,Equity,-,11636592353.91,,947705,-
ZEAT,BMO Global Agriculture ETF,Equity,-,2832527.5,,966,-
ZEB,BMO Equal Weight Banks Index ETF,Equity,-,4692263505,,5163227,-
ZEF,BMO Emerging Markets Bond Hedged to CAD Index ETF,Fixed Income,-,811365275,,120317,-
ZEM,BMO MSCI Emerging Markets Index ETF,Equity,-,2753229200,,833419,-
ZEO,BMO Equal Weight Oil & Gas Index ETF,Equity,-,291413309,,132867,-
ZEQ,BMO MSCI Europe High Quality Hedged to CAD Index ETF,Equity,-,343977830,,27334,-
ZEQL,BMO MSCI USA Equal Weight Index ETF,Equity,-,8952029.84,,2155,-
ZEQL.F,BMO MSCI USA Equal Weight Index ETF,Equity,-,17922029.87,,11230,-
ZEQL.U,BMO MSCI USA Equal Weight Index ETF,Equity,-,7497529.989999999,,653,-
ZEQT,BMO All-Equity ETF,Equity,-,584784591.71,,288778,-
ZEQT.T,BMO All-Equity ETF,Equity,-,5853000.000000001,,9369,-
ZESG,BMO Balanced ESG ETF,Asset Allocation,-,96572970,,16214,-
ZESM,BMO MSCI EAFE Small-Mid Cap Index ETF,Equity,-,4483529.89,,2769,-
ZFC,BMO SIA Focused Canadian Equity Fund,Equity,-,87626500,,4619,-
ZFH,BMO Floating Rate High Yield ETF,Fixed Income,-,227509470.08,,246389,-
ZFL,BMO Long Federal Bond Index ETF,Fixed Income,-,1293957883.3999999,,283994,-
ZFM,BMO Mid Federal Bond Index ETF,Fixed Income,-,750827461.97,,256642,-
ZFN,BMO SIA Focused North American Equity Fund,Equity,-,225367500,,14751,-
ZFS,BMO Short Federal Bond Index ETF,Fixed Income,-,716847218.4,,939047,-
ZFS.L,BMO Short Federal Bond Index ETF,Fixed Income,-,11490000,,4907,-
ZGB,BMO Government Bond Index ETF,Fixed Income,-,1435476840,,46052,-
ZGD,BMO Equal Weight Global Gold Index ETF,Equity,-,387853267.5,,47803,-
ZGI,BMO Global Infrastructure Index ETF,Equity,-,494353525.12,,21789,-
ZGLD,BMO Gold Bullion ETF,Commodity,-,1769416795.1599998,,281857,-
ZGLD.U,BMO Gold Bullion ETF,Commodity,-,42498684.69,,5974,-
ZGLH,BMO Gold Bullion Hedged to CAD ETF,Commodity,-,254537551.07999998,,102187,-
ZGQ,BMO MSCI All Country World High Quality Index ETF,Equity,-,1026055264,,51664,-
ZGRN,BMO MSCI ACWI Paris Aligned Climate Equity Index ETF,Equity,-,7395344.82,,333,-
ZGRO,BMO Growth ETF,Asset Allocation,-,622738770,,183099,-
ZGRO.T,BMO Growth ETF,Asset Allocation,-,46548038.79,,37542,-
ZHP,BMO US Preferred Share Hedged to CAD Index ETF,Preferred Share,-,24424666.5,,4041,-
ZHU,BMO Equal Weight US Health Care Index ETF,Equity,-,9438910,,419,-
ZHY,BMO High Yield US Corporate Bond Hedged to CAD Index ETF,Fixed Income,-,1466940473.28,,454852,-
ZIC,BMO Mid-Term US IG Corporate Bond Index ETF,Fixed Income,-,3697626169.9199996,,149012,-
ZIC.U,BMO Mid-Term US IG Corporate Bond Index ETF,Fixed Income,-,37223550,,5179,-
ZID,BMO MSCI India Selection Equity Index ETF,Equity,-,187745196.10000002,,52192,-
ZIN,BMO Equal Weight Industrials Index ETF,Equity,-,49699585,,4479,-
ZIQ,BMO MSCI EAFE High Quality Index ETF,Equity,-,81774033.03999999,,7602,-
ZIU,BMO S&P/TSX 60 Index ETF,Equity,-,248384503.98999998,,61957,-
ZJG,BMO Junior Gold Index ETF,Equity,-,277427938.5,,64971,-
ZJK,BMO High Yield US Corporate Bond Index ETF,Fixed Income,-,1641407520,,151790,-
ZJK.U,BMO High Yield US Corporate Bond Index ETF,Fixed Income,-,7222940,,1546,-
ZJPN,BMO Japan Index ETF,Equity,-,584760914.01,,97895,-
ZJPN.F,BMO Japan Index ETF,Equity,-,57762064.18000001,,7339,-
ZLB,BMO Low Volatility Canadian Equity ETF,Equity,-,6050803500,,484098,-
ZLC,BMO Long Corporate Bond Index ETF,Fixed Income,-,457638010.3,,76423,-
ZLD,BMO Low Volatility International Equity Hedged to CAD ETF,Equity,-,34824230,,17091,-
ZLE,BMO Low Volatility Emerging Markets Equity ETF,Equity,-,76971342,,7826,-
ZLH,BMO Low Volatility US Equity Hedged to CAD ETF,Equity,-,103207680,,9554,-
ZLI,BMO Low Volatility International Equity ETF,Equity,-,284246334.59999996,,18369,-
ZLSC,BMO Long Short Canadian Equity ETF,Alternative,-,87726845.22,,24598,-
ZLSU,BMO Long Short US Equity ETF,Alternative,-,183392041.68,,106655,-
ZLU,BMO Low Volatility US Equity ETF,Equity,-,2280587400,,157114,-
ZLU.U,BMO Low Volatility US Equity ETF,Equity,-,105052500,,16623,-
ZMBS,BMO Canadian MBS Index ETF,Fixed Income,-,438569510,,14937,-
ZMI,BMO Monthly Income ETF,Asset Allocation,-,217787779.99999997,,76097,-
ZMI.U,BMO Monthly Income ETF,Asset Allocation,-,7357031.53,,3362,-
ZMID,BMO S&P US Mid Cap Index ETF,Equity,-,294216280,,10887,-
ZMID.F,BMO S&P US Mid Cap Index ETF,Equity,-,11550000,,488,-
ZMID.U,BMO S&P US Mid Cap Index ETF,Equity,-,16992500,,1757,-
ZMMK,BMO Money Market Fund,Cash/Currency,-,5399503747,,1365555,-
ZMP,BMO Mid Provincial Bond Index ETF,Fixed Income,-,759916601.73,,265840,-
ZMT,BMO Equal Weight Global Base Metals Hedged to CAD Index ETF,Equity,-,64037667.4,,27260,-
ZMU,BMO Mid-Term US IG Corporate Bond Hedged to CAD Index ETF,Fixed Income,-,3625729385.04,,681995,-
ZNQ,BMO Nasdaq 100 Equity Index ETF,Equity,-,1850410760,,134869,-
ZNQ.U,BMO Nasdaq 100 Equity Index ETF,Equity,-,45534500,,14606,-
ZPAY,BMO Premium Yield ETF,Alternative,-,385828950,,69047,-
ZPAY.F,BMO Premium Yield ETF,Alternative,-,43772000,,5336,-
ZPAY.U,BMO Premium Yield ETF,Alternative,-,32250000,,3243,-
ZPH,BMO US Put Write Hedged to CAD ETF,Alternative,-,35101760,,27131,-
ZPL,BMO Long Provincial Bond Index ETF,Fixed Income,-,335237233.75,,112735,-
ZPR,BMO Laddered Preferred Share Index ETF,Preferred Share,-,1517716204.3400002,,356345,-
ZPR.U,BMO Laddered Preferred Share Index ETF,Preferred Share,-,20684520.18,,228,-
ZPS,BMO Short Provincial Bond Index ETF,Fixed Income,-,395770758.10999995,,66325,-
ZPS.L,BMO Short Provincial Bond Index ETF,Fixed Income,-,6320700,,69,-
ZPW,BMO US Put Write ETF,Alternative,-,87748460,,30098,-
ZPW.U,BMO US Put Write ETF,Alternative,-,6817200,,3504,-
ZQB,BMO High Quality Corporate Bond Index ETF,Fixed Income,-,72318400,,29324,-
ZQQ,BMO Nasdaq 100 Equity Hedged To CAD Index ETF,Equity,-,2654729336,,170244,-
ZRE,BMO Equal Weight REITs Index ETF,Equity,-,601030878,,155022,-
ZRR,BMO Real Return Bond Index ETF,Fixed Income,-,95027560,,43670,-
ZSB,BMO Short-Term Bond Index ETF,Fixed Income,-,167128320,,15366,-
ZSDB,BMO Short-Term Discount Bond ETF,Fixed Income,-,271018981.65,,40958,-
ZSML,BMO S&P US Small Cap Index ETF,Equity,-,108096000,,8365,-
ZSML.F,BMO S&P US Small Cap Index ETF,Equity,-,21983500,,8981,-
ZSML.U,BMO S&P US Small Cap Index ETF,Equity,-,9244000,,345,-
ZSP,BMO S&P 500 Index ETF,Equity,-,20905297564.8,,809365,-
ZSP.U,BMO S&P 500 Index ETF,Equity,-,2526590110,,148279,-
ZST,BMO Ultra Short-Term Bond ETF,Fixed Income,-,3789934060,,459344,-
ZST.L,BMO Ultra Short-Term Bond ETF,Fixed Income,-,537749250,,73522,-
ZSU,BMO Short-Term US IG Corporate Bond Hedged to CAD Index ETF,Fixed Income,-,316482933.6,,227590,-
ZTIP,BMO Short-Term US TIPS Index ETF,Fixed Income,-,16068010,,4615,-
ZTIP.F,BMO Short-Term US TIPS Index ETF,Fixed Income,-,193295740,,6304,-
ZTIP.U,BMO Short-Term US TIPS Index ETF,Fixed Income,-,5160590,,180,-
ZUAG,BMO US Aggregate Bond Index ETF,Fixed Income,-,5724031.8,,1553,-
ZUAG.F,BMO US Aggregate Bond Index ETF,Fixed Income,-,1392804630.04,,83341,-
ZUAG.U,BMO US Aggregate Bond Index ETF,Fixed Income,-,22685281.29,,1520,-
ZUB,BMO Equal Weight US Banks Hedged to CAD Index ETF,Equity,-,386886979.5,,431532,-
ZUCM,BMO USD Cash Management ETF,Cash/Currency,-,45662130.14,,18114,-
ZUCM.U,BMO USD Cash Management ETF,Cash/Currency,-,96267929.99,,47761,-
ZUD,BMO US Dividend Hedged to CAD ETF,Equity,-,149925520,,9473,-
ZUE,BMO S&P 500 Hedged to CAD Index ETF,Equity,-,4091928131.7500005,,216838,-
ZUH,BMO Equal Weight US Health Care Hedged to CAD Index ETF,Equity,-,174143200,,7701,-
ZUP,BMO US Preferred Share Index ETF,Preferred Share,-,45444512,,4117,-
ZUP.U,BMO US Preferred Share Index ETF,Preferred Share,-,8972500,,849,-
ZUQ,BMO MSCI USA High Quality Index ETF,Equity,-,1127120010,,77365,-
ZUQ.F,BMO MSCI USA High Quality Index ETF,Equity,-,82026000,,25269,-
ZUQ.U,BMO MSCI USA High Quality Index ETF,Equity,-,18762000,,776,-
ZUS.U,BMO Ultra Short-Term US Bond ETF,Fixed Income,-,80350860,,12579,-
ZUS.V,BMO Ultra Short-Term US Bond ETF,Fixed Income,-,94874100,,19272,-
ZUT,BMO Equal Weight Utilities Index ETF,Equity,-,807204916,,347120,-
ZVC,BMO MSCI Canada Value Index ETF,Equity,-,44345910,,4527,-
ZVU,BMO MSCI USA Value Index ETF,Equity,-,113860319.99999999,,32767,-
ZWA,BMO Covered Call Dow Jones Industrial Average Hedged to CAD ETF,Equity,-,198688910,,13797,-
ZWA.T,BMO Covered Call Dow Jones Industrial Average Hedged to CAD ETF,Equity,-,1125000,,,-
ZWB,BMO Covered Call Canadian Banks ETF,Equity,-,3878550000,,500960,-
ZWB.T,BMO Covered Call Canadian Banks ETF,Equity,-,2245000,,715,-
ZWB.U,BMO Covered Call Canadian Banks ETF,Equity,-,19260032.1,,6278,-
ZWC,BMO Canadian High Dividend Covered Call ETF,Equity,-,2111327200,,382988,-
ZWC.T,BMO Canadian High Dividend Covered Call ETF,Equity,-,1018750,,214,-
ZWE,BMO Europe High Dividend Covered Call Hedged to CAD ETF,Equity,-,753772225,,125497,-
ZWE.T,BMO Europe High Dividend Covered Call Hedged to CAD ETF,Equity,-,1000000,,15,-
ZWEN,BMO Covered Call Energy ETF,Equity,-,154239842.81,,52428,-
ZWEN.T,BMO Covered Call Energy ETF,Equity,-,1125000,,5,-
ZWG,BMO Global High Dividend Covered Call ETF,Equity,-,287498000,,24763,-
ZWG.T,BMO Global High Dividend Covered Call ETF,Equity,-,1006250,,13,-
ZWGD,BMO Covered Call Spread Gold Bullion ETF,Commodity,-,33768042.21,,9102,-
ZWGD.T,BMO Covered Call Spread Gold Bullion ETF,Commodity,-,1000000,,10,-
ZWH,BMO US High Dividend Covered Call ETF,Equity,-,1052191400,,133914,-
ZWH.T,BMO US High Dividend Covered Call ETF,Equity,-,1125000,,20,-
ZWH.U,BMO US High Dividend Covered Call ETF,Equity,-,82962000,,6121,-
ZWHC,BMO Covered Call Health Care ETF,Equity,-,29700027,,3931,-
ZWHC.T,BMO Covered Call Health Care ETF,Equity,-,1125000,,,-
ZWK,BMO Covered Call US Banks ETF,Equity,-,319779250,,119441,-
ZWK.T,BMO Covered Call US Banks ETF,Equity,-,1125000,,3,-
ZWP,BMO Europe High Dividend Covered Call ETF,Equity,-,1058514500,,94230,-
ZWP.T,BMO Europe High Dividend Covered Call ETF,Equity,-,2050000,,1390,-
ZWQT,BMO Global Enhanced Income Fund,Equity,-,20628610,,8307,-
ZWS,BMO US High Dividend Covered Call Hedged to CAD ETF,Equity,-,123367528.00000001,,29938,-
ZWS.T,BMO US High Dividend Covered Call Hedged to CAD ETF,Equity,-,1120000,,280,-
ZWT,BMO Covered Call Technology ETF,Equity,-,190681450,,27620,-
ZWT.T,BMO Covered Call Technology ETF,Equity,-,1116250,,750,-
ZWU,BMO Covered Call Utilities ETF,Equity,-,2141302310,,822832,-
ZWU.T,BMO Covered Call Utilities ETF,Equity,-,2649000,,241,-
ZXCO,BMO Target 2027 Canadian Corporate Bond ETF,Fixed Income,-,9081010.09,,5408,-
ZXCP,BMO Target 2028 Canadian Corporate Bond ETF,Fixed Income,-,7567510.09,,4108,-
ZXCQ,BMO Target 2029 Canadian Corporate Bond ETF,Fixed Income,-,9614010.12,,3295,-
ZXLB,BMO SPDR Materials Select Sector Index ETF,Equity,-,14995781.57,,14820,-
ZXLB.F,BMO SPDR Materials Select Sector Index ETF,Equity,-,2472782.9699999997,,555,-
ZXLC,BMO SPDR Communication Services Select Sector Index ETF,Equity,-,9495031.65,,4265,-
ZXLC.F,BMO SPDR Communication Services Select Sector Index ETF,Equity,-,4201283.61,,476,-
ZXLE,BMO SPDR Energy Select Sector Index ETF,Equity,-,8025785.67,,7560,-
ZXLE.F,BMO SPDR Energy Select Sector Index ETF,Equity,-,10414287.87,,2446,-
ZXLF,BMO SPDR Financials Select Sector Index ETF,Equity,-,6895027.579999999,,7599,-
ZXLF.F,BMO SPDR Financials Select Sector Index ETF,Equity,-,4422029.48,,1239,-
ZXLI,BMO SPDR Industrials Select Sector Index ETF,Equity,-,29333534.509999998,,23149,-
ZXLI.F,BMO SPDR Industrials Select Sector Index ETF,Equity,-,8217036.5200000005,,1730,-
ZXLK,BMO SPDR Technology Select Sector Index ETF,Equity,-,14573284.29,,14954,-
ZXLK.F,BMO SPDR Technology Select Sector Index ETF,Equity,-,4451285.61,,2705,-
ZXLP,BMO SPDR Consumer Staples Select Sector Index ETF,Equity,-,15260030.52,,35436,-
ZXLP.F,BMO SPDR Consumer Staples Select Sector Index ETF,Equity,-,3159031.59,,261,-
ZXLR,BMO SPDR Real Estate Select Sector Index ETF,Equity,-,1462529.25,,105,-
ZXLR.F,BMO SPDR Real Estate Select Sector Index ETF,Equity,-,1524530.49,,124,-
ZXLU,BMO SPDR Utilities Select Sector Index ETF,Equity,-,29627533.86,,8590,-
ZXLU.F,BMO SPDR Utilities Select Sector Index ETF,Equity,-,57980035.68,,2679,-
ZXLV,BMO SPDR Health Care Select Sector Index ETF,Equity,-,16790029.2,,9072,-
ZXLV.F,BMO SPDR Health Care Select Sector Index ETF,Equity,-,3032030.32,,706,-
ZXLY,BMO SPDR Consumer Discretionary Select Sector Index ETF,Equity,-,5606028.03,,6151,-
ZXLY.F,BMO SPDR Consumer Discretionary Select Sector Index ETF,Equity,-,4413029.42,,587,-
ZXM,CI Morningstar International Momentum Index ETF,Equity,-,53271896.86,,4094,-
ZXM.B,CI Morningstar International Momentum Index ETF,Equity,-,27547443,,2531,-
ZZZD,BMO Tactical Dividend ETF Fund,Equity,-,22446900,,2054,-
